SalesCustomerType,Month,Year,ProductType,ProductCategoryName,TotalPrice,us_state,date,id
Medical,January,2023,Flower,Shake/Trim (by strain),24193.86,MD,1/1/2023,MD.MEDICAL.20230101.FLOWER.SHAKETRIMBYSTRAIN
Medical,January,2023,Flower,Shake/Trim,200843.94,MD,1/1/2023,MD.MEDICAL.20230101.FLOWER.SHAKETRIM
Medical,January,2023,Flower,Raw Pre-Roll,1941541.41,MD,1/1/2023,MD.MEDICAL.20230101.FLOWER.RAWPREROLL
Medical,January,2023,Flower,Flower,19239456.87,MD,1/1/2023,MD.MEDICAL.20230101.FLOWER.FLOWER
Medical,January,2023,Concentrate (includes vape),Kief,48858.1,MD,1/1/2023,MD.MEDICAL.20230101.CONCENTRATEINCLUDESVAPE.KIEF
Medical,January,2023,Concentrate (includes vape),Concentrate (Weight)(Medical Only),17299.99,MD,1/1/2023,MD.MEDICAL.20230101.CONCENTRATEINCLUDESVAPE.CONCENTRATEWEIGHTMEDICALONLY
Medical,January,2023,Concentrate (includes vape),Infused Joint,427969.72,MD,1/1/2023,MD.MEDICAL.20230101.CONCENTRATEINCLUDESVAPE.INFUSEDJOINT
Medical,January,2023,Concentrate (includes vape),Concentrate (Each)(Medical Only),3116474.17,MD,1/1/2023,MD.MEDICAL.20230101.CONCENTRATEINCLUDESVAPE.CONCENTRATEEACHMEDICALONLY
Medical,January,2023,Concentrate (includes vape),Vape Cart,8611781.08,MD,1/1/2023,MD.MEDICAL.20230101.CONCENTRATEINCLUDESVAPE.VAPECART
Medical,January,2023,Edible,Disc,9985.28,MD,1/1/2023,MD.MEDICAL.20230101.EDIBLE.DISC
Medical,January,2023,Edible,Tincture for Oral Administration,148282.6,MD,1/1/2023,MD.MEDICAL.20230101.EDIBLE.TINCTUREFORORALADMINISTRATION
Medical,January,2023,Edible,Oils for Oral Administration,171600.97,MD,1/1/2023,MD.MEDICAL.20230101.EDIBLE.OILSFORORALADMINISTRATION
Medical,January,2023,Edible,Edible for Oral Administration (CAPSULE ONLY),91934.28,MD,1/1/2023,MD.MEDICAL.20230101.EDIBLE.EDIBLEFORORALADMINISTRATIONCAPSULEONLY
Medical,January,2023,Edible,Chewable Bar for Oral Administration,6213.31,MD,1/1/2023,MD.MEDICAL.20230101.EDIBLE.CHEWABLEBARFORORALADMINISTRATION
Medical,January,2023,Edible,Solution for Oral Administration,186712.87,MD,1/1/2023,MD.MEDICAL.20230101.EDIBLE.SOLUTIONFORORALADMINISTRATION
Medical,January,2023,Edible,Infused Non-Edibles,160617.1,MD,1/1/2023,MD.MEDICAL.20230101.EDIBLE.INFUSEDNONEDIBLES
Medical,January,2023,Edible,Lozenge,14355.46,MD,1/1/2023,MD.MEDICAL.20230101.EDIBLE.LOZENGE
Medical,January,2023,Edible,Capsule/Chewable Gel for Oral Administration,2458117.31,MD,1/1/2023,MD.MEDICAL.20230101.EDIBLE.CAPSULECHEWABLEGELFORORALADMINISTRATION
Medical,January,2023,Edible,Edible for Oral Administration,2761609.74,MD,1/1/2023,MD.MEDICAL.20230101.EDIBLE.EDIBLEFORORALADMINISTRATION
Medical,February,2023,Flower,Shake/Trim (by strain),13381.97,MD,2/1/2023,MD.MEDICAL.20230201.FLOWER.SHAKETRIMBYSTRAIN
Medical,February,2023,Flower,Shake/Trim,218601.56,MD,2/1/2023,MD.MEDICAL.20230201.FLOWER.SHAKETRIM
Medical,February,2023,Flower,Raw Pre-Roll,1895738.02,MD,2/1/2023,MD.MEDICAL.20230201.FLOWER.RAWPREROLL
Medical,February,2023,Flower,Flower,18646687.06,MD,2/1/2023,MD.MEDICAL.20230201.FLOWER.FLOWER
Medical,February,2023,Concentrate (includes vape),Kief,55958.35,MD,2/1/2023,MD.MEDICAL.20230201.CONCENTRATEINCLUDESVAPE.KIEF
Medical,February,2023,Concentrate (includes vape),Concentrate (Weight)(Medical Only),53379.13,MD,2/1/2023,MD.MEDICAL.20230201.CONCENTRATEINCLUDESVAPE.CONCENTRATEWEIGHTMEDICALONLY
Medical,February,2023,Concentrate (includes vape),Infused Joint,419553.56,MD,2/1/2023,MD.MEDICAL.20230201.CONCENTRATEINCLUDESVAPE.INFUSEDJOINT
Medical,February,2023,Concentrate (includes vape),Concentrate (Each)(Medical Only),2972005.03,MD,2/1/2023,MD.MEDICAL.20230201.CONCENTRATEINCLUDESVAPE.CONCENTRATEEACHMEDICALONLY
Medical,February,2023,Concentrate (includes vape),Vape Cart,8270506.91,MD,2/1/2023,MD.MEDICAL.20230201.CONCENTRATEINCLUDESVAPE.VAPECART
Medical,February,2023,Edible,Disc,1501.75,MD,2/1/2023,MD.MEDICAL.20230201.EDIBLE.DISC
Medical,February,2023,Edible,Tincture for Oral Administration,135824.69,MD,2/1/2023,MD.MEDICAL.20230201.EDIBLE.TINCTUREFORORALADMINISTRATION
Medical,February,2023,Edible,Oils for Oral Administration,154392.59,MD,2/1/2023,MD.MEDICAL.20230201.EDIBLE.OILSFORORALADMINISTRATION
Medical,February,2023,Edible,Edible for Oral Administration (CAPSULE ONLY),113602.06,MD,2/1/2023,MD.MEDICAL.20230201.EDIBLE.EDIBLEFORORALADMINISTRATIONCAPSULEONLY
Medical,February,2023,Edible,Chewable Bar for Oral Administration,10227.75,MD,2/1/2023,MD.MEDICAL.20230201.EDIBLE.CHEWABLEBARFORORALADMINISTRATION
Medical,February,2023,Edible,Solution for Oral Administration,175015.63,MD,2/1/2023,MD.MEDICAL.20230201.EDIBLE.SOLUTIONFORORALADMINISTRATION
Medical,February,2023,Edible,Infused Non-Edibles,169161.73,MD,2/1/2023,MD.MEDICAL.20230201.EDIBLE.INFUSEDNONEDIBLES
Medical,February,2023,Edible,Lozenge,240360.63,MD,2/1/2023,MD.MEDICAL.20230201.EDIBLE.LOZENGE
Medical,February,2023,Edible,Capsule/Chewable Gel for Oral Administration,2283628.7,MD,2/1/2023,MD.MEDICAL.20230201.EDIBLE.CAPSULECHEWABLEGELFORORALADMINISTRATION
Medical,February,2023,Edible,Edible for Oral Administration,2503110.68,MD,2/1/2023,MD.MEDICAL.20230201.EDIBLE.EDIBLEFORORALADMINISTRATION
Medical,March,2023,Flower,Shake/Trim (by strain),1498.74,MD,3/1/2023,MD.MEDICAL.20230301.FLOWER.SHAKETRIMBYSTRAIN
Medical,March,2023,Flower,Shake/Trim,319091.94,MD,3/1/2023,MD.MEDICAL.20230301.FLOWER.SHAKETRIM
Medical,March,2023,Flower,Raw Pre-Roll,2185412.51,MD,3/1/2023,MD.MEDICAL.20230301.FLOWER.RAWPREROLL
Medical,March,2023,Flower,Flower,20859267.02,MD,3/1/2023,MD.MEDICAL.20230301.FLOWER.FLOWER
Medical,March,2023,Concentrate (includes vape),Kief,64587.45,MD,3/1/2023,MD.MEDICAL.20230301.CONCENTRATEINCLUDESVAPE.KIEF
Medical,March,2023,Concentrate (includes vape),Concentrate (Weight)(Medical Only),84259.33,MD,3/1/2023,MD.MEDICAL.20230301.CONCENTRATEINCLUDESVAPE.CONCENTRATEWEIGHTMEDICALONLY
Medical,March,2023,Concentrate (includes vape),Infused Joint,429785.67,MD,3/1/2023,MD.MEDICAL.20230301.CONCENTRATEINCLUDESVAPE.INFUSEDJOINT
Medical,March,2023,Concentrate (includes vape),Concentrate (Each)(Medical Only),3374275.22,MD,3/1/2023,MD.MEDICAL.20230301.CONCENTRATEINCLUDESVAPE.CONCENTRATEEACHMEDICALONLY
Medical,March,2023,Concentrate (includes vape),Vape Cart,9214078.53,MD,3/1/2023,MD.MEDICAL.20230301.CONCENTRATEINCLUDESVAPE.VAPECART
Medical,March,2023,Edible,Disc,11151.35,MD,3/1/2023,MD.MEDICAL.20230301.EDIBLE.DISC
Medical,March,2023,Edible,Tincture for Oral Administration,146113.9,MD,3/1/2023,MD.MEDICAL.20230301.EDIBLE.TINCTUREFORORALADMINISTRATION
Medical,March,2023,Edible,Oils for Oral Administration,154411.43,MD,3/1/2023,MD.MEDICAL.20230301.EDIBLE.OILSFORORALADMINISTRATION
Medical,March,2023,Edible,Edible for Oral Administration (CAPSULE ONLY),132827.87,MD,3/1/2023,MD.MEDICAL.20230301.EDIBLE.EDIBLEFORORALADMINISTRATIONCAPSULEONLY
Medical,March,2023,Edible,Chewable Bar for Oral Administration,80303.18,MD,3/1/2023,MD.MEDICAL.20230301.EDIBLE.CHEWABLEBARFORORALADMINISTRATION
Medical,March,2023,Edible,Solution for Oral Administration,192916.86,MD,3/1/2023,MD.MEDICAL.20230301.EDIBLE.SOLUTIONFORORALADMINISTRATION
Medical,March,2023,Edible,Infused Non-Edibles,191343.3,MD,3/1/2023,MD.MEDICAL.20230301.EDIBLE.INFUSEDNONEDIBLES
Medical,March,2023,Edible,Lozenge,335445.22,MD,3/1/2023,MD.MEDICAL.20230301.EDIBLE.LOZENGE
Medical,March,2023,Edible,Capsule/Chewable Gel for Oral Administration,2594884.36,MD,3/1/2023,MD.MEDICAL.20230301.EDIBLE.CAPSULECHEWABLEGELFORORALADMINISTRATION
Medical,March,2023,Edible,Edible for Oral Administration,2671479.91,MD,3/1/2023,MD.MEDICAL.20230301.EDIBLE.EDIBLEFORORALADMINISTRATION
Medical,April,2023,Flower,Shake/Trim (by strain),8609.59,MD,4/1/2023,MD.MEDICAL.20230401.FLOWER.SHAKETRIMBYSTRAIN
Medical,April,2023,Flower,Shake/Trim,314547.46,MD,4/1/2023,MD.MEDICAL.20230401.FLOWER.SHAKETRIM
Medical,April,2023,Flower,Raw Pre-Roll,2097555.7,MD,4/1/2023,MD.MEDICAL.20230401.FLOWER.RAWPREROLL
Medical,April,2023,Flower,Flower,19601917.46,MD,4/1/2023,MD.MEDICAL.20230401.FLOWER.FLOWER
Medical,April,2023,Concentrate (includes vape),Kief,75616.58,MD,4/1/2023,MD.MEDICAL.20230401.CONCENTRATEINCLUDESVAPE.KIEF
Medical,April,2023,Concentrate (includes vape),Concentrate (Weight)(Medical Only),146228.48,MD,4/1/2023,MD.MEDICAL.20230401.CONCENTRATEINCLUDESVAPE.CONCENTRATEWEIGHTMEDICALONLY
Medical,April,2023,Concentrate (includes vape),Infused Joint,485546.67,MD,4/1/2023,MD.MEDICAL.20230401.CONCENTRATEINCLUDESVAPE.INFUSEDJOINT
Medical,April,2023,Concentrate (includes vape),Concentrate (Each)(Medical Only),3096837.67,MD,4/1/2023,MD.MEDICAL.20230401.CONCENTRATEINCLUDESVAPE.CONCENTRATEEACHMEDICALONLY
Medical,April,2023,Concentrate (includes vape),Vape Cart,8638902.33,MD,4/1/2023,MD.MEDICAL.20230401.CONCENTRATEINCLUDESVAPE.VAPECART
Medical,April,2023,Edible,Disc,133273.75,MD,4/1/2023,MD.MEDICAL.20230401.EDIBLE.DISC
Medical,April,2023,Edible,Tincture for Oral Administration,126392.66,MD,4/1/2023,MD.MEDICAL.20230401.EDIBLE.TINCTUREFORORALADMINISTRATION
Medical,April,2023,Edible,Oils for Oral Administration,169078.18,MD,4/1/2023,MD.MEDICAL.20230401.EDIBLE.OILSFORORALADMINISTRATION
Medical,April,2023,Edible,Edible for Oral Administration (CAPSULE ONLY),113562.87,MD,4/1/2023,MD.MEDICAL.20230401.EDIBLE.EDIBLEFORORALADMINISTRATIONCAPSULEONLY
Medical,April,2023,Edible,Chewable Bar for Oral Administration,77806.4,MD,4/1/2023,MD.MEDICAL.20230401.EDIBLE.CHEWABLEBARFORORALADMINISTRATION
Medical,April,2023,Edible,Solution for Oral Administration,174781.18,MD,4/1/2023,MD.MEDICAL.20230401.EDIBLE.SOLUTIONFORORALADMINISTRATION
Medical,April,2023,Edible,Infused Non-Edibles,167866.44,MD,4/1/2023,MD.MEDICAL.20230401.EDIBLE.INFUSEDNONEDIBLES
Medical,April,2023,Edible,Lozenge,232586.73,MD,4/1/2023,MD.MEDICAL.20230401.EDIBLE.LOZENGE
Medical,April,2023,Edible,Capsule/Chewable Gel for Oral Administration,2594338.64,MD,4/1/2023,MD.MEDICAL.20230401.EDIBLE.CAPSULECHEWABLEGELFORORALADMINISTRATION
Medical,April,2023,Edible,Edible for Oral Administration,2322644.41,MD,4/1/2023,MD.MEDICAL.20230401.EDIBLE.EDIBLEFORORALADMINISTRATION
Medical,May,2023,Flower,Shake/Trim (by strain),16774.41,MD,5/1/2023,MD.MEDICAL.20230501.FLOWER.SHAKETRIMBYSTRAIN
Medical,May,2023,Flower,Shake/Trim,390388.97,MD,5/1/2023,MD.MEDICAL.20230501.FLOWER.SHAKETRIM
Medical,May,2023,Flower,Raw Pre-Roll,2174366.9,MD,5/1/2023,MD.MEDICAL.20230501.FLOWER.RAWPREROLL
Medical,May,2023,Flower,Flower,20001512.05,MD,5/1/2023,MD.MEDICAL.20230501.FLOWER.FLOWER
Adult-Use,May,2023,Flower,Raw Pre-Roll,27.3,MD,5/1/2023,MD.ADULTUSE.20230501.FLOWER.RAWPREROLL
Adult-Use,May,2023,Flower,Flower,28.25,MD,5/1/2023,MD.ADULTUSE.20230501.FLOWER.FLOWER
Medical,May,2023,Concentrate (includes vape),Kief,79511.12,MD,5/1/2023,MD.MEDICAL.20230501.CONCENTRATEINCLUDESVAPE.KIEF
Medical,May,2023,Concentrate (includes vape),Concentrate (Weight)(Medical Only),169077.67,MD,5/1/2023,MD.MEDICAL.20230501.CONCENTRATEINCLUDESVAPE.CONCENTRATEWEIGHTMEDICALONLY
Medical,May,2023,Concentrate (includes vape),Infused Joint,539728.23,MD,5/1/2023,MD.MEDICAL.20230501.CONCENTRATEINCLUDESVAPE.INFUSEDJOINT
Medical,May,2023,Concentrate (includes vape),Concentrate (Each)(Medical Only),2917418.49,MD,5/1/2023,MD.MEDICAL.20230501.CONCENTRATEINCLUDESVAPE.CONCENTRATEEACHMEDICALONLY
Medical,May,2023,Concentrate (includes vape),Vape Cart,8984166.12,MD,5/1/2023,MD.MEDICAL.20230501.CONCENTRATEINCLUDESVAPE.VAPECART
Medical,May,2023,Edible,Disc,160759.97,MD,5/1/2023,MD.MEDICAL.20230501.EDIBLE.DISC
Medical,May,2023,Edible,Tincture for Oral Administration,99112.01,MD,5/1/2023,MD.MEDICAL.20230501.EDIBLE.TINCTUREFORORALADMINISTRATION
Medical,May,2023,Edible,Oils for Oral Administration,162460.99,MD,5/1/2023,MD.MEDICAL.20230501.EDIBLE.OILSFORORALADMINISTRATION
Medical,May,2023,Edible,Edible for Oral Administration (CAPSULE ONLY),93739.58,MD,5/1/2023,MD.MEDICAL.20230501.EDIBLE.EDIBLEFORORALADMINISTRATIONCAPSULEONLY
Medical,May,2023,Edible,Chewable Bar for Oral Administration,128161.93,MD,5/1/2023,MD.MEDICAL.20230501.EDIBLE.CHEWABLEBARFORORALADMINISTRATION
Medical,May,2023,Edible,Solution for Oral Administration,162715.3,MD,5/1/2023,MD.MEDICAL.20230501.EDIBLE.SOLUTIONFORORALADMINISTRATION
Medical,May,2023,Edible,Infused Non-Edibles,155799.22,MD,5/1/2023,MD.MEDICAL.20230501.EDIBLE.INFUSEDNONEDIBLES
Medical,May,2023,Edible,Lozenge,258608.25,MD,5/1/2023,MD.MEDICAL.20230501.EDIBLE.LOZENGE
Medical,May,2023,Edible,Capsule/Chewable Gel for Oral Administration,2657644.48,MD,5/1/2023,MD.MEDICAL.20230501.EDIBLE.CAPSULECHEWABLEGELFORORALADMINISTRATION
Medical,May,2023,Edible,Edible for Oral Administration,2176749.27,MD,5/1/2023,MD.MEDICAL.20230501.EDIBLE.EDIBLEFORORALADMINISTRATION
Medical,June,2023,Flower,Shake/Trim (by strain),219.75,MD,6/1/2023,MD.MEDICAL.20230601.FLOWER.SHAKETRIMBYSTRAIN
Medical,June,2023,Flower,Shake/Trim,399337.97,MD,6/1/2023,MD.MEDICAL.20230601.FLOWER.SHAKETRIM
Medical,June,2023,Flower,Raw Pre-Roll,2447664.6,MD,6/1/2023,MD.MEDICAL.20230601.FLOWER.RAWPREROLL
Medical,June,2023,Flower,Flower,22487341.38,MD,6/1/2023,MD.MEDICAL.20230601.FLOWER.FLOWER
Adult-Use,June,2023,Flower,Raw Pre-Roll,22,MD,6/1/2023,MD.ADULTUSE.20230601.FLOWER.RAWPREROLL
Adult-Use,June,2023,Flower,Flower,435.5,MD,6/1/2023,MD.ADULTUSE.20230601.FLOWER.FLOWER
Medical,June,2023,Concentrate (includes vape),Kief,84612.25,MD,6/1/2023,MD.MEDICAL.20230601.CONCENTRATEINCLUDESVAPE.KIEF
Medical,June,2023,Concentrate (includes vape),Concentrate (Weight)(Medical Only),177922.46,MD,6/1/2023,MD.MEDICAL.20230601.CONCENTRATEINCLUDESVAPE.CONCENTRATEWEIGHTMEDICALONLY
Medical,June,2023,Concentrate (includes vape),Infused Joint,567943.26,MD,6/1/2023,MD.MEDICAL.20230601.CONCENTRATEINCLUDESVAPE.INFUSEDJOINT
Medical,June,2023,Concentrate (includes vape),Concentrate (Each)(Medical Only),3173663.83,MD,6/1/2023,MD.MEDICAL.20230601.CONCENTRATEINCLUDESVAPE.CONCENTRATEEACHMEDICALONLY
Medical,June,2023,Concentrate (includes vape),Vape Cart,10104384.28,MD,6/1/2023,MD.MEDICAL.20230601.CONCENTRATEINCLUDESVAPE.VAPECART
Adult-Use,June,2023,Concentrate (includes vape),Infused Joint,-49.17,MD,6/1/2023,MD.ADULTUSE.20230601.CONCENTRATEINCLUDESVAPE.INFUSEDJOINT
Adult-Use,June,2023,Concentrate (includes vape),Vape Cart,-46,MD,6/1/2023,MD.ADULTUSE.20230601.CONCENTRATEINCLUDESVAPE.VAPECART
Medical,June,2023,Edible,Disc,155204.83,MD,6/1/2023,MD.MEDICAL.20230601.EDIBLE.DISC
Medical,June,2023,Edible,Tincture for Oral Administration,105844.32,MD,6/1/2023,MD.MEDICAL.20230601.EDIBLE.TINCTUREFORORALADMINISTRATION
Medical,June,2023,Edible,Oils for Oral Administration,156135.71,MD,6/1/2023,MD.MEDICAL.20230601.EDIBLE.OILSFORORALADMINISTRATION
Medical,June,2023,Edible,Edible for Oral Administration (CAPSULE ONLY),179455.64,MD,6/1/2023,MD.MEDICAL.20230601.EDIBLE.EDIBLEFORORALADMINISTRATIONCAPSULEONLY
Medical,June,2023,Edible,Chewable Bar for Oral Administration,227012.45,MD,6/1/2023,MD.MEDICAL.20230601.EDIBLE.CHEWABLEBARFORORALADMINISTRATION
Medical,June,2023,Edible,Solution for Oral Administration,183655.28,MD,6/1/2023,MD.MEDICAL.20230601.EDIBLE.SOLUTIONFORORALADMINISTRATION
Medical,June,2023,Edible,Infused Non-Edibles,172750.33,MD,6/1/2023,MD.MEDICAL.20230601.EDIBLE.INFUSEDNONEDIBLES
Medical,June,2023,Edible,Lozenge,419595.69,MD,6/1/2023,MD.MEDICAL.20230601.EDIBLE.LOZENGE
Medical,June,2023,Edible,Capsule/Chewable Gel for Oral Administration,2901004.05,MD,6/1/2023,MD.MEDICAL.20230601.EDIBLE.CAPSULECHEWABLEGELFORORALADMINISTRATION
Medical,June,2023,Edible,Edible for Oral Administration,2437139.39,MD,6/1/2023,MD.MEDICAL.20230601.EDIBLE.EDIBLEFORORALADMINISTRATION
Medical,July,2023,Flower,Shake/Trim (by strain),20457.1,MD,7/1/2023,MD.MEDICAL.20230701.FLOWER.SHAKETRIMBYSTRAIN
Medical,July,2023,Flower,Shake/Trim,258746.66,MD,7/1/2023,MD.MEDICAL.20230701.FLOWER.SHAKETRIM
Medical,July,2023,Flower,Raw Pre-Roll,2171864.53,MD,7/1/2023,MD.MEDICAL.20230701.FLOWER.RAWPREROLL
Medical,July,2023,Flower,Flower,18058214.42,MD,7/1/2023,MD.MEDICAL.20230701.FLOWER.FLOWER
Adult-Use,July,2023,Flower,Shake/Trim (by strain),35922.28,MD,7/1/2023,MD.ADULTUSE.20230701.FLOWER.SHAKETRIMBYSTRAIN
Adult-Use,July,2023,Flower,Shake/Trim,253188.97,MD,7/1/2023,MD.ADULTUSE.20230701.FLOWER.SHAKETRIM
Adult-Use,July,2023,Flower,Raw Pre-Roll,4575142.84,MD,7/1/2023,MD.ADULTUSE.20230701.FLOWER.RAWPREROLL
Adult-Use,July,2023,Flower,Flower,28123161.93,MD,7/1/2023,MD.ADULTUSE.20230701.FLOWER.FLOWER
Medical,July,2023,Concentrate (includes vape),Kief,71161.96,MD,7/1/2023,MD.MEDICAL.20230701.CONCENTRATEINCLUDESVAPE.KIEF
Medical,July,2023,Concentrate (includes vape),Concentrate (Weight)(Medical Only),136913.26,MD,7/1/2023,MD.MEDICAL.20230701.CONCENTRATEINCLUDESVAPE.CONCENTRATEWEIGHTMEDICALONLY
Medical,July,2023,Concentrate (includes vape),Infused Joint,467011.72,MD,7/1/2023,MD.MEDICAL.20230701.CONCENTRATEINCLUDESVAPE.INFUSEDJOINT
Medical,July,2023,Concentrate (includes vape),Concentrate (Each)(Medical Only),2669395.28,MD,7/1/2023,MD.MEDICAL.20230701.CONCENTRATEINCLUDESVAPE.CONCENTRATEEACHMEDICALONLY
Medical,July,2023,Concentrate (includes vape),Vape Cart,7494286.84,MD,7/1/2023,MD.MEDICAL.20230701.CONCENTRATEINCLUDESVAPE.VAPECART
Adult-Use,July,2023,Concentrate (includes vape),Kief,907.18,MD,7/1/2023,MD.ADULTUSE.20230701.CONCENTRATEINCLUDESVAPE.KIEF
Adult-Use,July,2023,Concentrate (includes vape),Concentrate (Weight)(Medical Only),2732.45,MD,7/1/2023,MD.ADULTUSE.20230701.CONCENTRATEINCLUDESVAPE.CONCENTRATEWEIGHTMEDICALONLY
Adult-Use,July,2023,Concentrate (includes vape),Infused Joint,18993.91,MD,7/1/2023,MD.ADULTUSE.20230701.CONCENTRATEINCLUDESVAPE.INFUSEDJOINT
Adult-Use,July,2023,Concentrate (includes vape),Concentrate (Each)(Medical Only),222848.89,MD,7/1/2023,MD.ADULTUSE.20230701.CONCENTRATEINCLUDESVAPE.CONCENTRATEEACHMEDICALONLY
Adult-Use,July,2023,Concentrate (includes vape),Vape Cart,11885569.14,MD,7/1/2023,MD.ADULTUSE.20230701.CONCENTRATEINCLUDESVAPE.VAPECART
Medical,July,2023,Edible,Disc,120107.03,MD,7/1/2023,MD.MEDICAL.20230701.EDIBLE.DISC
Medical,July,2023,Edible,Tincture for Oral Administration,91183.76,MD,7/1/2023,MD.MEDICAL.20230701.EDIBLE.TINCTUREFORORALADMINISTRATION
Medical,July,2023,Edible,Oils for Oral Administration,137261.85,MD,7/1/2023,MD.MEDICAL.20230701.EDIBLE.OILSFORORALADMINISTRATION
Medical,July,2023,Edible,Edible for Oral Administration (CAPSULE ONLY),157592.33,MD,7/1/2023,MD.MEDICAL.20230701.EDIBLE.EDIBLEFORORALADMINISTRATIONCAPSULEONLY
Medical,July,2023,Edible,Chewable Bar for Oral Administration,185844.93,MD,7/1/2023,MD.MEDICAL.20230701.EDIBLE.CHEWABLEBARFORORALADMINISTRATION
Medical,July,2023,Edible,Solution for Oral Administration,130940.64,MD,7/1/2023,MD.MEDICAL.20230701.EDIBLE.SOLUTIONFORORALADMINISTRATION
Medical,July,2023,Edible,Infused Non-Edibles,107422.3,MD,7/1/2023,MD.MEDICAL.20230701.EDIBLE.INFUSEDNONEDIBLES
Medical,July,2023,Edible,Lozenge,383330.42,MD,7/1/2023,MD.MEDICAL.20230701.EDIBLE.LOZENGE
Medical,July,2023,Edible,Infused Edible,587.26,MD,7/1/2023,MD.MEDICAL.20230701.EDIBLE.INFUSEDEDIBLE
Medical,July,2023,Edible,Capsule/Chewable Gel for Oral Administration,2166447.12,MD,7/1/2023,MD.MEDICAL.20230701.EDIBLE.CAPSULECHEWABLEGELFORORALADMINISTRATION
Medical,July,2023,Edible,Edible for Oral Administration,1532773.78,MD,7/1/2023,MD.MEDICAL.20230701.EDIBLE.EDIBLEFORORALADMINISTRATION
Adult-Use,July,2023,Edible,Disc,912.22,MD,7/1/2023,MD.ADULTUSE.20230701.EDIBLE.DISC
Adult-Use,July,2023,Edible,Tincture for Oral Administration,10632.62,MD,7/1/2023,MD.ADULTUSE.20230701.EDIBLE.TINCTUREFORORALADMINISTRATION
Adult-Use,July,2023,Edible,Oils for Oral Administration,781.39,MD,7/1/2023,MD.ADULTUSE.20230701.EDIBLE.OILSFORORALADMINISTRATION
Adult-Use,July,2023,Edible,Edible for Oral Administration (CAPSULE ONLY),1471.61,MD,7/1/2023,MD.ADULTUSE.20230701.EDIBLE.EDIBLEFORORALADMINISTRATIONCAPSULEONLY
Adult-Use,July,2023,Edible,Chewable Bar for Oral Administration,87504.3,MD,7/1/2023,MD.ADULTUSE.20230701.EDIBLE.CHEWABLEBARFORORALADMINISTRATION
Adult-Use,July,2023,Edible,Solution for Oral Administration,54036.76,MD,7/1/2023,MD.ADULTUSE.20230701.EDIBLE.SOLUTIONFORORALADMINISTRATION
Adult-Use,July,2023,Edible,Infused Non-Edibles,119242.99,MD,7/1/2023,MD.ADULTUSE.20230701.EDIBLE.INFUSEDNONEDIBLES
Adult-Use,July,2023,Edible,Lozenge,4065.1,MD,7/1/2023,MD.ADULTUSE.20230701.EDIBLE.LOZENGE
Adult-Use,July,2023,Edible,Infused Edible,1642.14,MD,7/1/2023,MD.ADULTUSE.20230701.EDIBLE.INFUSEDEDIBLE
Adult-Use,July,2023,Edible,Capsule/Chewable Gel for Oral Administration,1397306.48,MD,7/1/2023,MD.ADULTUSE.20230701.EDIBLE.CAPSULECHEWABLEGELFORORALADMINISTRATION
Adult-Use,July,2023,Edible,Edible for Oral Administration,4821913.07,MD,7/1/2023,MD.ADULTUSE.20230701.EDIBLE.EDIBLEFORORALADMINISTRATION
Medical,July,2023,Other,Seeds,1606.79,MD,7/1/2023,MD.MEDICAL.20230701.OTHER.SEEDS
Medical,July,2023,Other,Seedling,9036.89,MD,7/1/2023,MD.MEDICAL.20230701.OTHER.SEEDLING
Adult-Use,July,2023,Other,Seeds,1599.8,MD,7/1/2023,MD.ADULTUSE.20230701.OTHER.SEEDS
Adult-Use,July,2023,Other,Seedling,6681.86,MD,7/1/2023,MD.ADULTUSE.20230701.OTHER.SEEDLING
Medical,August,2023,Flower,Shake/Trim (by strain),76575.35,MD,8/1/2023,MD.MEDICAL.20230801.FLOWER.SHAKETRIMBYSTRAIN
Medical,August,2023,Flower,Shake/Trim,162675.54,MD,8/1/2023,MD.MEDICAL.20230801.FLOWER.SHAKETRIM
Medical,August,2023,Flower,Raw Pre-Roll,2225628.96,MD,8/1/2023,MD.MEDICAL.20230801.FLOWER.RAWPREROLL
Medical,August,2023,Flower,Flower,19211444.04,MD,8/1/2023,MD.MEDICAL.20230801.FLOWER.FLOWER
Adult-Use,August,2023,Flower,Shake/Trim (by strain),117754.64,MD,8/1/2023,MD.ADULTUSE.20230801.FLOWER.SHAKETRIMBYSTRAIN
Adult-Use,August,2023,Flower,Shake/Trim,157219.35,MD,8/1/2023,MD.ADULTUSE.20230801.FLOWER.SHAKETRIM
Adult-Use,August,2023,Flower,Raw Pre-Roll,4680508.36,MD,8/1/2023,MD.ADULTUSE.20230801.FLOWER.RAWPREROLL
Adult-Use,August,2023,Flower,Flower,29083781.94,MD,8/1/2023,MD.ADULTUSE.20230801.FLOWER.FLOWER
Medical,August,2023,Concentrate (includes vape),Kief,67567.19,MD,8/1/2023,MD.MEDICAL.20230801.CONCENTRATEINCLUDESVAPE.KIEF
Medical,August,2023,Concentrate (includes vape),Concentrate (Weight)(Medical Only),157773.81,MD,8/1/2023,MD.MEDICAL.20230801.CONCENTRATEINCLUDESVAPE.CONCENTRATEWEIGHTMEDICALONLY
Medical,August,2023,Concentrate (includes vape),Infused Joint,507101.74,MD,8/1/2023,MD.MEDICAL.20230801.CONCENTRATEINCLUDESVAPE.INFUSEDJOINT
Medical,August,2023,Concentrate (includes vape),Concentrate (Each)(Medical Only),2674486.54,MD,8/1/2023,MD.MEDICAL.20230801.CONCENTRATEINCLUDESVAPE.CONCENTRATEEACHMEDICALONLY
Medical,August,2023,Concentrate (includes vape),Vape Cart,8130728.48,MD,8/1/2023,MD.MEDICAL.20230801.CONCENTRATEINCLUDESVAPE.VAPECART
Adult-Use,August,2023,Concentrate (includes vape),Kief,305.04,MD,8/1/2023,MD.ADULTUSE.20230801.CONCENTRATEINCLUDESVAPE.KIEF
Adult-Use,August,2023,Concentrate (includes vape),Concentrate (Weight)(Medical Only),614.2,MD,8/1/2023,MD.ADULTUSE.20230801.CONCENTRATEINCLUDESVAPE.CONCENTRATEWEIGHTMEDICALONLY
Adult-Use,August,2023,Concentrate (includes vape),Infused Joint,12698.49,MD,8/1/2023,MD.ADULTUSE.20230801.CONCENTRATEINCLUDESVAPE.INFUSEDJOINT
Adult-Use,August,2023,Concentrate (includes vape),Concentrate (Each)(Medical Only),97637.42,MD,8/1/2023,MD.ADULTUSE.20230801.CONCENTRATEINCLUDESVAPE.CONCENTRATEEACHMEDICALONLY
Adult-Use,August,2023,Concentrate (includes vape),Vape Cart,13053701.91,MD,8/1/2023,MD.ADULTUSE.20230801.CONCENTRATEINCLUDESVAPE.VAPECART
Medical,August,2023,Edible,Disc,119611.75,MD,8/1/2023,MD.MEDICAL.20230801.EDIBLE.DISC
Medical,August,2023,Edible,Tincture for Oral Administration,98109.4,MD,8/1/2023,MD.MEDICAL.20230801.EDIBLE.TINCTUREFORORALADMINISTRATION
Medical,August,2023,Edible,Oils for Oral Administration,147119.36,MD,8/1/2023,MD.MEDICAL.20230801.EDIBLE.OILSFORORALADMINISTRATION
Medical,August,2023,Edible,Edible for Oral Administration (CAPSULE ONLY),156402.39,MD,8/1/2023,MD.MEDICAL.20230801.EDIBLE.EDIBLEFORORALADMINISTRATIONCAPSULEONLY
Medical,August,2023,Edible,Chewable Bar for Oral Administration,183388.19,MD,8/1/2023,MD.MEDICAL.20230801.EDIBLE.CHEWABLEBARFORORALADMINISTRATION
Medical,August,2023,Edible,Solution for Oral Administration,130202.32,MD,8/1/2023,MD.MEDICAL.20230801.EDIBLE.SOLUTIONFORORALADMINISTRATION
Medical,August,2023,Edible,Infused Non-Edibles,146081.33,MD,8/1/2023,MD.MEDICAL.20230801.EDIBLE.INFUSEDNONEDIBLES
Medical,August,2023,Edible,Lozenge,471973.1,MD,8/1/2023,MD.MEDICAL.20230801.EDIBLE.LOZENGE
Medical,August,2023,Edible,Infused Edible,5961.45,MD,8/1/2023,MD.MEDICAL.20230801.EDIBLE.INFUSEDEDIBLE
Medical,August,2023,Edible,Capsule/Chewable Gel for Oral Administration,2455382.8,MD,8/1/2023,MD.MEDICAL.20230801.EDIBLE.CAPSULECHEWABLEGELFORORALADMINISTRATION
Medical,August,2023,Edible,Edible for Oral Administration,1590565.06,MD,8/1/2023,MD.MEDICAL.20230801.EDIBLE.EDIBLEFORORALADMINISTRATION
Adult-Use,August,2023,Edible,Disc,26.86,MD,8/1/2023,MD.ADULTUSE.20230801.EDIBLE.DISC
Adult-Use,August,2023,Edible,Tincture for Oral Administration,8300.22,MD,8/1/2023,MD.ADULTUSE.20230801.EDIBLE.TINCTUREFORORALADMINISTRATION
Adult-Use,August,2023,Edible,Oils for Oral Administration,335.8,MD,8/1/2023,MD.ADULTUSE.20230801.EDIBLE.OILSFORORALADMINISTRATION
Adult-Use,August,2023,Edible,Edible for Oral Administration (CAPSULE ONLY),173.79,MD,8/1/2023,MD.ADULTUSE.20230801.EDIBLE.EDIBLEFORORALADMINISTRATIONCAPSULEONLY
Adult-Use,August,2023,Edible,Chewable Bar for Oral Administration,65309.31,MD,8/1/2023,MD.ADULTUSE.20230801.EDIBLE.CHEWABLEBARFORORALADMINISTRATION
Adult-Use,August,2023,Edible,Solution for Oral Administration,40549.69,MD,8/1/2023,MD.ADULTUSE.20230801.EDIBLE.SOLUTIONFORORALADMINISTRATION
Adult-Use,August,2023,Edible,Infused Non-Edibles,94576.55,MD,8/1/2023,MD.ADULTUSE.20230801.EDIBLE.INFUSEDNONEDIBLES
Adult-Use,August,2023,Edible,Lozenge,606.85,MD,8/1/2023,MD.ADULTUSE.20230801.EDIBLE.LOZENGE
Adult-Use,August,2023,Edible,Infused Edible,23144.79,MD,8/1/2023,MD.ADULTUSE.20230801.EDIBLE.INFUSEDEDIBLE
Adult-Use,August,2023,Edible,Capsule/Chewable Gel for Oral Administration,1229423.12,MD,8/1/2023,MD.ADULTUSE.20230801.EDIBLE.CAPSULECHEWABLEGELFORORALADMINISTRATION
Adult-Use,August,2023,Edible,Edible for Oral Administration,4417860.44,MD,8/1/2023,MD.ADULTUSE.20230801.EDIBLE.EDIBLEFORORALADMINISTRATION
Medical,August,2023,Other,Waste,-46.8,MD,8/1/2023,MD.MEDICAL.20230801.OTHER.WASTE
Medical,August,2023,Other,Seeds,1634.44,MD,8/1/2023,MD.MEDICAL.20230801.OTHER.SEEDS
Medical,August,2023,Other,Seedling,6183.11,MD,8/1/2023,MD.MEDICAL.20230801.OTHER.SEEDLING
Adult-Use,August,2023,Other,Seeds,641.84,MD,8/1/2023,MD.ADULTUSE.20230801.OTHER.SEEDS
Adult-Use,August,2023,Other,Seedling,4022.63,MD,8/1/2023,MD.ADULTUSE.20230801.OTHER.SEEDLING
Medical,September,2023,Flower,Shake/Trim (by strain),40004.01,MD,9/1/2023,MD.MEDICAL.20230901.FLOWER.SHAKETRIMBYSTRAIN
Medical,September,2023,Flower,Shake/Trim,215468.45,MD,9/1/2023,MD.MEDICAL.20230901.FLOWER.SHAKETRIM
Medical,September,2023,Flower,Raw Pre-Roll,2073446.68,MD,9/1/2023,MD.MEDICAL.20230901.FLOWER.RAWPREROLL
Medical,September,2023,Flower,Flower,18013899.04,MD,9/1/2023,MD.MEDICAL.20230901.FLOWER.FLOWER
Adult-Use,September,2023,Flower,Shake/Trim (by strain),73049.24,MD,9/1/2023,MD.ADULTUSE.20230901.FLOWER.SHAKETRIMBYSTRAIN
Adult-Use,September,2023,Flower,Shake/Trim,240107.69,MD,9/1/2023,MD.ADULTUSE.20230901.FLOWER.SHAKETRIM
Adult-Use,September,2023,Flower,Raw Pre-Roll,4693232.45,MD,9/1/2023,MD.ADULTUSE.20230901.FLOWER.RAWPREROLL
Adult-Use,September,2023,Flower,Flower,29952060.07,MD,9/1/2023,MD.ADULTUSE.20230901.FLOWER.FLOWER
Medical,September,2023,Concentrate (includes vape),Kief,68698.82,MD,9/1/2023,MD.MEDICAL.20230901.CONCENTRATEINCLUDESVAPE.KIEF
Medical,September,2023,Concentrate (includes vape),Concentrate (Weight)(Medical Only),179984.21,MD,9/1/2023,MD.MEDICAL.20230901.CONCENTRATEINCLUDESVAPE.CONCENTRATEWEIGHTMEDICALONLY
Medical,September,2023,Concentrate (includes vape),Infused Joint,512938.77,MD,9/1/2023,MD.MEDICAL.20230901.CONCENTRATEINCLUDESVAPE.INFUSEDJOINT
Medical,September,2023,Concentrate (includes vape),Concentrate (Each)(Medical Only),2565977.9,MD,9/1/2023,MD.MEDICAL.20230901.CONCENTRATEINCLUDESVAPE.CONCENTRATEEACHMEDICALONLY
Medical,September,2023,Concentrate (includes vape),Vape Cart,7700016.1,MD,9/1/2023,MD.MEDICAL.20230901.CONCENTRATEINCLUDESVAPE.VAPECART
Adult-Use,September,2023,Concentrate (includes vape),Kief,321.5,MD,9/1/2023,MD.ADULTUSE.20230901.CONCENTRATEINCLUDESVAPE.KIEF
Adult-Use,September,2023,Concentrate (includes vape),Concentrate (Weight)(Medical Only),1208.59,MD,9/1/2023,MD.ADULTUSE.20230901.CONCENTRATEINCLUDESVAPE.CONCENTRATEWEIGHTMEDICALONLY
Adult-Use,September,2023,Concentrate (includes vape),Infused Joint,10725.21,MD,9/1/2023,MD.ADULTUSE.20230901.CONCENTRATEINCLUDESVAPE.INFUSEDJOINT
Adult-Use,September,2023,Concentrate (includes vape),Concentrate (Each)(Medical Only),49085.12,MD,9/1/2023,MD.ADULTUSE.20230901.CONCENTRATEINCLUDESVAPE.CONCENTRATEEACHMEDICALONLY
Adult-Use,September,2023,Concentrate (includes vape),Vape Cart,13451704.47,MD,9/1/2023,MD.ADULTUSE.20230901.CONCENTRATEINCLUDESVAPE.VAPECART
Medical,September,2023,Edible,Disc,95656.38,MD,9/1/2023,MD.MEDICAL.20230901.EDIBLE.DISC
Medical,September,2023,Edible,Tincture for Oral Administration,102680.73,MD,9/1/2023,MD.MEDICAL.20230901.EDIBLE.TINCTUREFORORALADMINISTRATION
Medical,September,2023,Edible,Oils for Oral Administration,120822.4,MD,9/1/2023,MD.MEDICAL.20230901.EDIBLE.OILSFORORALADMINISTRATION
Medical,September,2023,Edible,Edible for Oral Administration (CAPSULE ONLY),138070.62,MD,9/1/2023,MD.MEDICAL.20230901.EDIBLE.EDIBLEFORORALADMINISTRATIONCAPSULEONLY
Medical,September,2023,Edible,Chewable Bar for Oral Administration,158952.54,MD,9/1/2023,MD.MEDICAL.20230901.EDIBLE.CHEWABLEBARFORORALADMINISTRATION
Medical,September,2023,Edible,Solution for Oral Administration,119542.63,MD,9/1/2023,MD.MEDICAL.20230901.EDIBLE.SOLUTIONFORORALADMINISTRATION
Medical,September,2023,Edible,Infused Non-Edibles,132629.6,MD,9/1/2023,MD.MEDICAL.20230901.EDIBLE.INFUSEDNONEDIBLES
Medical,September,2023,Edible,Lozenge,445167.72,MD,9/1/2023,MD.MEDICAL.20230901.EDIBLE.LOZENGE
Medical,September,2023,Edible,Infused Edible,27995.94,MD,9/1/2023,MD.MEDICAL.20230901.EDIBLE.INFUSEDEDIBLE
Medical,September,2023,Edible,Capsule/Chewable Gel for Oral Administration,2361278.51,MD,9/1/2023,MD.MEDICAL.20230901.EDIBLE.CAPSULECHEWABLEGELFORORALADMINISTRATION
Medical,September,2023,Edible,Edible for Oral Administration,1481062.93,MD,9/1/2023,MD.MEDICAL.20230901.EDIBLE.EDIBLEFORORALADMINISTRATION
Adult-Use,September,2023,Edible,Disc,215.36,MD,9/1/2023,MD.ADULTUSE.20230901.EDIBLE.DISC
Adult-Use,September,2023,Edible,Tincture for Oral Administration,12303.29,MD,9/1/2023,MD.ADULTUSE.20230901.EDIBLE.TINCTUREFORORALADMINISTRATION
Adult-Use,September,2023,Edible,Oils for Oral Administration,87.5,MD,9/1/2023,MD.ADULTUSE.20230901.EDIBLE.OILSFORORALADMINISTRATION
Adult-Use,September,2023,Edible,Edible for Oral Administration (CAPSULE ONLY),205,MD,9/1/2023,MD.ADULTUSE.20230901.EDIBLE.EDIBLEFORORALADMINISTRATIONCAPSULEONLY
Adult-Use,September,2023,Edible,Chewable Bar for Oral Administration,60516.35,MD,9/1/2023,MD.ADULTUSE.20230901.EDIBLE.CHEWABLEBARFORORALADMINISTRATION
Adult-Use,September,2023,Edible,Solution for Oral Administration,42621.32,MD,9/1/2023,MD.ADULTUSE.20230901.EDIBLE.SOLUTIONFORORALADMINISTRATION
Adult-Use,September,2023,Edible,Infused Non-Edibles,91675.34,MD,9/1/2023,MD.ADULTUSE.20230901.EDIBLE.INFUSEDNONEDIBLES
Adult-Use,September,2023,Edible,Lozenge,1168.5,MD,9/1/2023,MD.ADULTUSE.20230901.EDIBLE.LOZENGE
Adult-Use,September,2023,Edible,Infused Edible,103182.78,MD,9/1/2023,MD.ADULTUSE.20230901.EDIBLE.INFUSEDEDIBLE
Adult-Use,September,2023,Edible,Capsule/Chewable Gel for Oral Administration,1169021.34,MD,9/1/2023,MD.ADULTUSE.20230901.EDIBLE.CAPSULECHEWABLEGELFORORALADMINISTRATION
Adult-Use,September,2023,Edible,Edible for Oral Administration,4451793.93,MD,9/1/2023,MD.ADULTUSE.20230901.EDIBLE.EDIBLEFORORALADMINISTRATION
Medical,September,2023,Other,Seeds,1902.99,MD,9/1/2023,MD.MEDICAL.20230901.OTHER.SEEDS
Medical,September,2023,Other,Seedling,5861.7,MD,9/1/2023,MD.MEDICAL.20230901.OTHER.SEEDLING
Adult-Use,September,2023,Other,Seeds,1855.41,MD,9/1/2023,MD.ADULTUSE.20230901.OTHER.SEEDS
Adult-Use,September,2023,Other,Seedling,3157.36,MD,9/1/2023,MD.ADULTUSE.20230901.OTHER.SEEDLING
Medical,October,2023,Flower,Shake/Trim (by strain),7299.75,MD,10/1/2023,MD.MEDICAL.20231001.FLOWER.SHAKETRIMBYSTRAIN
Medical,October,2023,Flower,Shake/Trim,185477.66,MD,10/1/2023,MD.MEDICAL.20231001.FLOWER.SHAKETRIM
Medical,October,2023,Flower,Raw Pre-Roll,1894342.52,MD,10/1/2023,MD.MEDICAL.20231001.FLOWER.RAWPREROLL
Medical,October,2023,Flower,Flower,17136039.89,MD,10/1/2023,MD.MEDICAL.20231001.FLOWER.FLOWER
Adult-Use,October,2023,Flower,Shake/Trim (by strain),10664.98,MD,10/1/2023,MD.ADULTUSE.20231001.FLOWER.SHAKETRIMBYSTRAIN
Adult-Use,October,2023,Flower,Shake/Trim,258336.66,MD,10/1/2023,MD.ADULTUSE.20231001.FLOWER.SHAKETRIM
Adult-Use,October,2023,Flower,Raw Pre-Roll,4487515.91,MD,10/1/2023,MD.ADULTUSE.20231001.FLOWER.RAWPREROLL
Adult-Use,October,2023,Flower,Flower,30598344.7,MD,10/1/2023,MD.ADULTUSE.20231001.FLOWER.FLOWER
Medical,October,2023,Concentrate (includes vape),Kief,66168.94,MD,10/1/2023,MD.MEDICAL.20231001.CONCENTRATEINCLUDESVAPE.KIEF
Medical,October,2023,Concentrate (includes vape),Concentrate (Weight)(Medical Only),159152.23,MD,10/1/2023,MD.MEDICAL.20231001.CONCENTRATEINCLUDESVAPE.CONCENTRATEWEIGHTMEDICALONLY
Medical,October,2023,Concentrate (includes vape),Infused Joint,473761.14,MD,10/1/2023,MD.MEDICAL.20231001.CONCENTRATEINCLUDESVAPE.INFUSEDJOINT
Medical,October,2023,Concentrate (includes vape),Concentrate (Each)(Medical Only),2535256.68,MD,10/1/2023,MD.MEDICAL.20231001.CONCENTRATEINCLUDESVAPE.CONCENTRATEEACHMEDICALONLY
Medical,October,2023,Concentrate (includes vape),Vape Cart,7343865.62,MD,10/1/2023,MD.MEDICAL.20231001.CONCENTRATEINCLUDESVAPE.VAPECART
Adult-Use,October,2023,Concentrate (includes vape),Kief,183.7,MD,10/1/2023,MD.ADULTUSE.20231001.CONCENTRATEINCLUDESVAPE.KIEF
Adult-Use,October,2023,Concentrate (includes vape),Concentrate (Weight)(Medical Only),597.25,MD,10/1/2023,MD.ADULTUSE.20231001.CONCENTRATEINCLUDESVAPE.CONCENTRATEWEIGHTMEDICALONLY
Adult-Use,October,2023,Concentrate (includes vape),Infused Joint,11253.49,MD,10/1/2023,MD.ADULTUSE.20231001.CONCENTRATEINCLUDESVAPE.INFUSEDJOINT
Adult-Use,October,2023,Concentrate (includes vape),Concentrate (Each)(Medical Only),30597.97,MD,10/1/2023,MD.ADULTUSE.20231001.CONCENTRATEINCLUDESVAPE.CONCENTRATEEACHMEDICALONLY
Adult-Use,October,2023,Concentrate (includes vape),Vape Cart,13740169.1,MD,10/1/2023,MD.ADULTUSE.20231001.CONCENTRATEINCLUDESVAPE.VAPECART
Medical,October,2023,Edible,Disc,62784.05,MD,10/1/2023,MD.MEDICAL.20231001.EDIBLE.DISC
Medical,October,2023,Edible,Tincture for Oral Administration,91575.49,MD,10/1/2023,MD.MEDICAL.20231001.EDIBLE.TINCTUREFORORALADMINISTRATION
Medical,October,2023,Edible,Oils for Oral Administration,79752.58,MD,10/1/2023,MD.MEDICAL.20231001.EDIBLE.OILSFORORALADMINISTRATION
Medical,October,2023,Edible,Edible for Oral Administration (CAPSULE ONLY),155674.93,MD,10/1/2023,MD.MEDICAL.20231001.EDIBLE.EDIBLEFORORALADMINISTRATIONCAPSULEONLY
Medical,October,2023,Edible,Chewable Bar for Oral Administration,145502.79,MD,10/1/2023,MD.MEDICAL.20231001.EDIBLE.CHEWABLEBARFORORALADMINISTRATION
Medical,October,2023,Edible,Solution for Oral Administration,108577.39,MD,10/1/2023,MD.MEDICAL.20231001.EDIBLE.SOLUTIONFORORALADMINISTRATION
Medical,October,2023,Edible,Infused Non-Edibles,139040.82,MD,10/1/2023,MD.MEDICAL.20231001.EDIBLE.INFUSEDNONEDIBLES
Medical,October,2023,Edible,Lozenge,464634.91,MD,10/1/2023,MD.MEDICAL.20231001.EDIBLE.LOZENGE
Medical,October,2023,Edible,Exempt Edible Product (Medical Only),10082.38,MD,10/1/2023,MD.MEDICAL.20231001.EDIBLE.EXEMPTEDIBLEPRODUCTMEDICALONLY
Medical,October,2023,Edible,Infused Edible,84580.5,MD,10/1/2023,MD.MEDICAL.20231001.EDIBLE.INFUSEDEDIBLE
Medical,October,2023,Edible,Capsule/Chewable Gel for Oral Administration,2335088.35,MD,10/1/2023,MD.MEDICAL.20231001.EDIBLE.CAPSULECHEWABLEGELFORORALADMINISTRATION
Medical,October,2023,Edible,Edible for Oral Administration,1379464.64,MD,10/1/2023,MD.MEDICAL.20231001.EDIBLE.EDIBLEFORORALADMINISTRATION
Adult-Use,October,2023,Edible,Disc,57.95,MD,10/1/2023,MD.ADULTUSE.20231001.EDIBLE.DISC
Adult-Use,October,2023,Edible,Tincture for Oral Administration,11240.9,MD,10/1/2023,MD.ADULTUSE.20231001.EDIBLE.TINCTUREFORORALADMINISTRATION
Adult-Use,October,2023,Edible,Oils for Oral Administration,45,MD,10/1/2023,MD.ADULTUSE.20231001.EDIBLE.OILSFORORALADMINISTRATION
Adult-Use,October,2023,Edible,Edible for Oral Administration (CAPSULE ONLY),319.95,MD,10/1/2023,MD.ADULTUSE.20231001.EDIBLE.EDIBLEFORORALADMINISTRATIONCAPSULEONLY
Adult-Use,October,2023,Edible,Chewable Bar for Oral Administration,56209.83,MD,10/1/2023,MD.ADULTUSE.20231001.EDIBLE.CHEWABLEBARFORORALADMINISTRATION
Adult-Use,October,2023,Edible,Solution for Oral Administration,53889.02,MD,10/1/2023,MD.ADULTUSE.20231001.EDIBLE.SOLUTIONFORORALADMINISTRATION
Adult-Use,October,2023,Edible,Infused Non-Edibles,95722.13,MD,10/1/2023,MD.ADULTUSE.20231001.EDIBLE.INFUSEDNONEDIBLES
Adult-Use,October,2023,Edible,Lozenge,997.35,MD,10/1/2023,MD.ADULTUSE.20231001.EDIBLE.LOZENGE
Adult-Use,October,2023,Edible,Exempt Edible Product (Medical Only),152,MD,10/1/2023,MD.ADULTUSE.20231001.EDIBLE.EXEMPTEDIBLEPRODUCTMEDICALONLY
Adult-Use,October,2023,Edible,Infused Edible,338360.66,MD,10/1/2023,MD.ADULTUSE.20231001.EDIBLE.INFUSEDEDIBLE
Adult-Use,October,2023,Edible,Capsule/Chewable Gel for Oral Administration,1092225.55,MD,10/1/2023,MD.ADULTUSE.20231001.EDIBLE.CAPSULECHEWABLEGELFORORALADMINISTRATION
Adult-Use,October,2023,Edible,Edible for Oral Administration,4355401.01,MD,10/1/2023,MD.ADULTUSE.20231001.EDIBLE.EDIBLEFORORALADMINISTRATION
Medical,October,2023,Other,Immature Plants,126.62,MD,10/1/2023,MD.MEDICAL.20231001.OTHER.IMMATUREPLANTS
Medical,October,2023,Other,Seeds,4873.92,MD,10/1/2023,MD.MEDICAL.20231001.OTHER.SEEDS
Medical,October,2023,Other,Seedling,9069.65,MD,10/1/2023,MD.MEDICAL.20231001.OTHER.SEEDLING
Adult-Use,October,2023,Other,Immature Plants,527,MD,10/1/2023,MD.ADULTUSE.20231001.OTHER.IMMATUREPLANTS
Adult-Use,October,2023,Other,Seeds,3696.95,MD,10/1/2023,MD.ADULTUSE.20231001.OTHER.SEEDS
Adult-Use,October,2023,Other,Seedling,6950.71,MD,10/1/2023,MD.ADULTUSE.20231001.OTHER.SEEDLING
Medical,November,2023,Flower,Shake/Trim (by strain),31542.53,MD,11/1/2023,MD.MEDICAL.20231101.FLOWER.SHAKETRIMBYSTRAIN
Medical,November,2023,Flower,Shake/Trim,204228.89,MD,11/1/2023,MD.MEDICAL.20231101.FLOWER.SHAKETRIM
Medical,November,2023,Flower,Raw Pre-Roll,1390139.01,MD,11/1/2023,MD.MEDICAL.20231101.FLOWER.RAWPREROLL
Medical,November,2023,Flower,Flower,16785322.67,MD,11/1/2023,MD.MEDICAL.20231101.FLOWER.FLOWER
Adult-Use,November,2023,Flower,Shake/Trim (by strain),46160.42,MD,11/1/2023,MD.ADULTUSE.20231101.FLOWER.SHAKETRIMBYSTRAIN
Adult-Use,November,2023,Flower,Shake/Trim,337773.13,MD,11/1/2023,MD.ADULTUSE.20231101.FLOWER.SHAKETRIM
Adult-Use,November,2023,Flower,Raw Pre-Roll,3443247.33,MD,11/1/2023,MD.ADULTUSE.20231101.FLOWER.RAWPREROLL
Adult-Use,November,2023,Flower,Flower,32060890.61,MD,11/1/2023,MD.ADULTUSE.20231101.FLOWER.FLOWER
Medical,November,2023,Concentrate (includes vape),Kief,60964.28,MD,11/1/2023,MD.MEDICAL.20231101.CONCENTRATEINCLUDESVAPE.KIEF
Medical,November,2023,Concentrate (includes vape),Concentrate (Weight)(Medical Only),180094.2,MD,11/1/2023,MD.MEDICAL.20231101.CONCENTRATEINCLUDESVAPE.CONCENTRATEWEIGHTMEDICALONLY
Medical,November,2023,Concentrate (includes vape),Infused Joint,381201.58,MD,11/1/2023,MD.MEDICAL.20231101.CONCENTRATEINCLUDESVAPE.INFUSEDJOINT
Medical,November,2023,Concentrate (includes vape),Concentrate (Each)(Medical Only),2538076.15,MD,11/1/2023,MD.MEDICAL.20231101.CONCENTRATEINCLUDESVAPE.CONCENTRATEEACHMEDICALONLY
Medical,November,2023,Concentrate (includes vape),Vape Cart,7069202.32,MD,11/1/2023,MD.MEDICAL.20231101.CONCENTRATEINCLUDESVAPE.VAPECART
Adult-Use,November,2023,Concentrate (includes vape),Kief,475.6,MD,11/1/2023,MD.ADULTUSE.20231101.CONCENTRATEINCLUDESVAPE.KIEF
Adult-Use,November,2023,Concentrate (includes vape),Concentrate (Weight)(Medical Only),1890.81,MD,11/1/2023,MD.ADULTUSE.20231101.CONCENTRATEINCLUDESVAPE.CONCENTRATEWEIGHTMEDICALONLY
Adult-Use,November,2023,Concentrate (includes vape),Infused Joint,7681.87,MD,11/1/2023,MD.ADULTUSE.20231101.CONCENTRATEINCLUDESVAPE.INFUSEDJOINT
Adult-Use,November,2023,Concentrate (includes vape),Concentrate (Each)(Medical Only),26651.57,MD,11/1/2023,MD.ADULTUSE.20231101.CONCENTRATEINCLUDESVAPE.CONCENTRATEEACHMEDICALONLY
Adult-Use,November,2023,Concentrate (includes vape),Vape Cart,13922527.41,MD,11/1/2023,MD.ADULTUSE.20231101.CONCENTRATEINCLUDESVAPE.VAPECART
Medical,November,2023,Edible,Infused Edible (Capsule Only),14282.3,MD,11/1/2023,MD.MEDICAL.20231101.EDIBLE.INFUSEDEDIBLECAPSULEONLY
Medical,November,2023,Edible,Disc,34899.69,MD,11/1/2023,MD.MEDICAL.20231101.EDIBLE.DISC
Medical,November,2023,Edible,Tincture for Oral Administration,88137.14,MD,11/1/2023,MD.MEDICAL.20231101.EDIBLE.TINCTUREFORORALADMINISTRATION
Medical,November,2023,Edible,Oils for Oral Administration,64807.9,MD,11/1/2023,MD.MEDICAL.20231101.EDIBLE.OILSFORORALADMINISTRATION
Medical,November,2023,Edible,Edible for Oral Administration (CAPSULE ONLY),133535.81,MD,11/1/2023,MD.MEDICAL.20231101.EDIBLE.EDIBLEFORORALADMINISTRATIONCAPSULEONLY
Medical,November,2023,Edible,Chewable Bar for Oral Administration,128357.32,MD,11/1/2023,MD.MEDICAL.20231101.EDIBLE.CHEWABLEBARFORORALADMINISTRATION
Medical,November,2023,Edible,Solution for Oral Administration,114858.38,MD,11/1/2023,MD.MEDICAL.20231101.EDIBLE.SOLUTIONFORORALADMINISTRATION
Medical,November,2023,Edible,Infused Non-Edibles,117902.6,MD,11/1/2023,MD.MEDICAL.20231101.EDIBLE.INFUSEDNONEDIBLES
Medical,November,2023,Edible,Lozenge,333395.48,MD,11/1/2023,MD.MEDICAL.20231101.EDIBLE.LOZENGE
Medical,November,2023,Edible,Exempt Edible Product (Medical Only),362729.17,MD,11/1/2023,MD.MEDICAL.20231101.EDIBLE.EXEMPTEDIBLEPRODUCTMEDICALONLY
Medical,November,2023,Edible,Infused Edible,303602.55,MD,11/1/2023,MD.MEDICAL.20231101.EDIBLE.INFUSEDEDIBLE
Medical,November,2023,Edible,Capsule/Chewable Gel for Oral Administration,2073075.79,MD,11/1/2023,MD.MEDICAL.20231101.EDIBLE.CAPSULECHEWABLEGELFORORALADMINISTRATION
Medical,November,2023,Edible,Edible for Oral Administration,1252755.13,MD,11/1/2023,MD.MEDICAL.20231101.EDIBLE.EDIBLEFORORALADMINISTRATION
Adult-Use,November,2023,Edible,Infused Edible (Capsule Only),16697.59,MD,11/1/2023,MD.ADULTUSE.20231101.EDIBLE.INFUSEDEDIBLECAPSULEONLY
Adult-Use,November,2023,Edible,Tincture for Oral Administration,8966.92,MD,11/1/2023,MD.ADULTUSE.20231101.EDIBLE.TINCTUREFORORALADMINISTRATION
Adult-Use,November,2023,Edible,Oils for Oral Administration,45,MD,11/1/2023,MD.ADULTUSE.20231101.EDIBLE.OILSFORORALADMINISTRATION
Adult-Use,November,2023,Edible,Edible for Oral Administration (CAPSULE ONLY),145.6,MD,11/1/2023,MD.ADULTUSE.20231101.EDIBLE.EDIBLEFORORALADMINISTRATIONCAPSULEONLY
Adult-Use,November,2023,Edible,Chewable Bar for Oral Administration,29242,MD,11/1/2023,MD.ADULTUSE.20231101.EDIBLE.CHEWABLEBARFORORALADMINISTRATION
Adult-Use,November,2023,Edible,Solution for Oral Administration,49572.69,MD,11/1/2023,MD.ADULTUSE.20231101.EDIBLE.SOLUTIONFORORALADMINISTRATION
Adult-Use,November,2023,Edible,Infused Non-Edibles,89233.02,MD,11/1/2023,MD.ADULTUSE.20231101.EDIBLE.INFUSEDNONEDIBLES
Adult-Use,November,2023,Edible,Lozenge,703.75,MD,11/1/2023,MD.ADULTUSE.20231101.EDIBLE.LOZENGE
Adult-Use,November,2023,Edible,Exempt Edible Product (Medical Only),2185.56,MD,11/1/2023,MD.ADULTUSE.20231101.EDIBLE.EXEMPTEDIBLEPRODUCTMEDICALONLY
Adult-Use,November,2023,Edible,Infused Edible,1151923.74,MD,11/1/2023,MD.ADULTUSE.20231101.EDIBLE.INFUSEDEDIBLE
Adult-Use,November,2023,Edible,Capsule/Chewable Gel for Oral Administration,782748.58,MD,11/1/2023,MD.ADULTUSE.20231101.EDIBLE.CAPSULECHEWABLEGELFORORALADMINISTRATION
Adult-Use,November,2023,Edible,Edible for Oral Administration,4004953.26,MD,11/1/2023,MD.ADULTUSE.20231101.EDIBLE.EDIBLEFORORALADMINISTRATION
Medical,November,2023,Other,Immature Plants,1043.7,MD,11/1/2023,MD.MEDICAL.20231101.OTHER.IMMATUREPLANTS
Medical,November,2023,Other,Seeds,3041.87,MD,11/1/2023,MD.MEDICAL.20231101.OTHER.SEEDS
Medical,November,2023,Other,Seedling,4879.36,MD,11/1/2023,MD.MEDICAL.20231101.OTHER.SEEDLING
Adult-Use,November,2023,Other,Immature Plants,1580.89,MD,11/1/2023,MD.ADULTUSE.20231101.OTHER.IMMATUREPLANTS
Adult-Use,November,2023,Other,Seeds,4906.1,MD,11/1/2023,MD.ADULTUSE.20231101.OTHER.SEEDS
Adult-Use,November,2023,Other,Seedling,5617.37,MD,11/1/2023,MD.ADULTUSE.20231101.OTHER.SEEDLING
Medical,December,2023,Flower,Shake/Trim (by strain),57795.43,MD,12/1/2023,MD.MEDICAL.20231201.FLOWER.SHAKETRIMBYSTRAIN
Medical,December,2023,Flower,Shake/Trim,256132.94,MD,12/1/2023,MD.MEDICAL.20231201.FLOWER.SHAKETRIM
Medical,December,2023,Flower,Raw Pre-Roll,1108787.44,MD,12/1/2023,MD.MEDICAL.20231201.FLOWER.RAWPREROLL
Medical,December,2023,Flower,Flower,17430085.59,MD,12/1/2023,MD.MEDICAL.20231201.FLOWER.FLOWER
Adult-Use,December,2023,Flower,Shake/Trim (by strain),113510.89,MD,12/1/2023,MD.ADULTUSE.20231201.FLOWER.SHAKETRIMBYSTRAIN
Adult-Use,December,2023,Flower,Shake/Trim,414906.15,MD,12/1/2023,MD.ADULTUSE.20231201.FLOWER.SHAKETRIM
Adult-Use,December,2023,Flower,Raw Pre-Roll,2944079.84,MD,12/1/2023,MD.ADULTUSE.20231201.FLOWER.RAWPREROLL
Adult-Use,December,2023,Flower,Flower,35518445.62,MD,12/1/2023,MD.ADULTUSE.20231201.FLOWER.FLOWER
Medical,December,2023,Concentrate (includes vape),Kief,60961.86,MD,12/1/2023,MD.MEDICAL.20231201.CONCENTRATEINCLUDESVAPE.KIEF
Medical,December,2023,Concentrate (includes vape),Concentrate (Weight)(Medical Only),218297.27,MD,12/1/2023,MD.MEDICAL.20231201.CONCENTRATEINCLUDESVAPE.CONCENTRATEWEIGHTMEDICALONLY
Medical,December,2023,Concentrate (includes vape),Infused Joint,310866.22,MD,12/1/2023,MD.MEDICAL.20231201.CONCENTRATEINCLUDESVAPE.INFUSEDJOINT
Medical,December,2023,Concentrate (includes vape),Concentrate (Each)(Medical Only),2796199.13,MD,12/1/2023,MD.MEDICAL.20231201.CONCENTRATEINCLUDESVAPE.CONCENTRATEEACHMEDICALONLY
Medical,December,2023,Concentrate (includes vape),Vape Cart,7338643.73,MD,12/1/2023,MD.MEDICAL.20231201.CONCENTRATEINCLUDESVAPE.VAPECART
Adult-Use,December,2023,Concentrate (includes vape),Kief,163.2,MD,12/1/2023,MD.ADULTUSE.20231201.CONCENTRATEINCLUDESVAPE.KIEF
Adult-Use,December,2023,Concentrate (includes vape),Concentrate (Weight)(Medical Only),1262.45,MD,12/1/2023,MD.ADULTUSE.20231201.CONCENTRATEINCLUDESVAPE.CONCENTRATEWEIGHTMEDICALONLY
Adult-Use,December,2023,Concentrate (includes vape),Infused Joint,6000.65,MD,12/1/2023,MD.ADULTUSE.20231201.CONCENTRATEINCLUDESVAPE.INFUSEDJOINT
Adult-Use,December,2023,Concentrate (includes vape),Concentrate (Each)(Medical Only),26143.57,MD,12/1/2023,MD.ADULTUSE.20231201.CONCENTRATEINCLUDESVAPE.CONCENTRATEEACHMEDICALONLY
Adult-Use,December,2023,Concentrate (includes vape),Vape Cart,15413079.54,MD,12/1/2023,MD.ADULTUSE.20231201.CONCENTRATEINCLUDESVAPE.VAPECART
Medical,December,2023,Edible,Exempt Liquid Edible Product (Medical Only),134.84,MD,12/1/2023,MD.MEDICAL.20231201.EDIBLE.EXEMPTLIQUIDEDIBLEPRODUCTMEDICALONLY
Medical,December,2023,Edible,Infused Edible (Capsule Only),31465.36,MD,12/1/2023,MD.MEDICAL.20231201.EDIBLE.INFUSEDEDIBLECAPSULEONLY
Medical,December,2023,Edible,Disc,22748.88,MD,12/1/2023,MD.MEDICAL.20231201.EDIBLE.DISC
Medical,December,2023,Edible,Tincture for Oral Administration,90079.51,MD,12/1/2023,MD.MEDICAL.20231201.EDIBLE.TINCTUREFORORALADMINISTRATION
Medical,December,2023,Edible,Oils for Oral Administration,53744.47,MD,12/1/2023,MD.MEDICAL.20231201.EDIBLE.OILSFORORALADMINISTRATION
Medical,December,2023,Edible,Edible for Oral Administration (CAPSULE ONLY),142030.02,MD,12/1/2023,MD.MEDICAL.20231201.EDIBLE.EDIBLEFORORALADMINISTRATIONCAPSULEONLY
Medical,December,2023,Edible,Chewable Bar for Oral Administration,107169.72,MD,12/1/2023,MD.MEDICAL.20231201.EDIBLE.CHEWABLEBARFORORALADMINISTRATION
Medical,December,2023,Edible,Solution for Oral Administration,112834.22,MD,12/1/2023,MD.MEDICAL.20231201.EDIBLE.SOLUTIONFORORALADMINISTRATION
Medical,December,2023,Edible,Infused Non-Edibles,120886.16,MD,12/1/2023,MD.MEDICAL.20231201.EDIBLE.INFUSEDNONEDIBLES
Medical,December,2023,Edible,Lozenge,224098.23,MD,12/1/2023,MD.MEDICAL.20231201.EDIBLE.LOZENGE
Medical,December,2023,Edible,Exempt Edible Product (Medical Only),1403368.89,MD,12/1/2023,MD.MEDICAL.20231201.EDIBLE.EXEMPTEDIBLEPRODUCTMEDICALONLY
Medical,December,2023,Edible,Infused Edible,652043.34,MD,12/1/2023,MD.MEDICAL.20231201.EDIBLE.INFUSEDEDIBLE
Medical,December,2023,Edible,Capsule/Chewable Gel for Oral Administration,1285318.69,MD,12/1/2023,MD.MEDICAL.20231201.EDIBLE.CAPSULECHEWABLEGELFORORALADMINISTRATION
Medical,December,2023,Edible,Edible for Oral Administration,1121641.13,MD,12/1/2023,MD.MEDICAL.20231201.EDIBLE.EDIBLEFORORALADMINISTRATION
Adult-Use,December,2023,Edible,Infused Edible (Capsule Only),35056.54,MD,12/1/2023,MD.ADULTUSE.20231201.EDIBLE.INFUSEDEDIBLECAPSULEONLY
Adult-Use,December,2023,Edible,Disc,0.01,MD,12/1/2023,MD.ADULTUSE.20231201.EDIBLE.DISC
Adult-Use,December,2023,Edible,Tincture for Oral Administration,8990.01,MD,12/1/2023,MD.ADULTUSE.20231201.EDIBLE.TINCTUREFORORALADMINISTRATION
Adult-Use,December,2023,Edible,Oils for Oral Administration,35,MD,12/1/2023,MD.ADULTUSE.20231201.EDIBLE.OILSFORORALADMINISTRATION
Adult-Use,December,2023,Edible,Edible for Oral Administration (CAPSULE ONLY),126,MD,12/1/2023,MD.ADULTUSE.20231201.EDIBLE.EDIBLEFORORALADMINISTRATIONCAPSULEONLY
Adult-Use,December,2023,Edible,Chewable Bar for Oral Administration,6055.23,MD,12/1/2023,MD.ADULTUSE.20231201.EDIBLE.CHEWABLEBARFORORALADMINISTRATION
Adult-Use,December,2023,Edible,Solution for Oral Administration,45126.92,MD,12/1/2023,MD.ADULTUSE.20231201.EDIBLE.SOLUTIONFORORALADMINISTRATION
Adult-Use,December,2023,Edible,Infused Non-Edibles,103430.36,MD,12/1/2023,MD.ADULTUSE.20231201.EDIBLE.INFUSEDNONEDIBLES
Adult-Use,December,2023,Edible,Lozenge,464.1,MD,12/1/2023,MD.ADULTUSE.20231201.EDIBLE.LOZENGE
Adult-Use,December,2023,Edible,Exempt Edible Product (Medical Only),2676.52,MD,12/1/2023,MD.ADULTUSE.20231201.EDIBLE.EXEMPTEDIBLEPRODUCTMEDICALONLY
Adult-Use,December,2023,Edible,Infused Edible,2655237.75,MD,12/1/2023,MD.ADULTUSE.20231201.EDIBLE.INFUSEDEDIBLE
Adult-Use,December,2023,Edible,Capsule/Chewable Gel for Oral Administration,179461.97,MD,12/1/2023,MD.ADULTUSE.20231201.EDIBLE.CAPSULECHEWABLEGELFORORALADMINISTRATION
Adult-Use,December,2023,Edible,Edible for Oral Administration,4042480.15,MD,12/1/2023,MD.ADULTUSE.20231201.EDIBLE.EDIBLEFORORALADMINISTRATION
Medical,December,2023,Other,Immature Plants,499.13,MD,12/1/2023,MD.MEDICAL.20231201.OTHER.IMMATUREPLANTS
Medical,December,2023,Other,Seeds,3961.82,MD,12/1/2023,MD.MEDICAL.20231201.OTHER.SEEDS
Medical,December,2023,Other,Seedling,4406.06,MD,12/1/2023,MD.MEDICAL.20231201.OTHER.SEEDLING
Adult-Use,December,2023,Other,Immature Plants,355.5,MD,12/1/2023,MD.ADULTUSE.20231201.OTHER.IMMATUREPLANTS
Adult-Use,December,2023,Other,Seeds,6293.6,MD,12/1/2023,MD.ADULTUSE.20231201.OTHER.SEEDS
Adult-Use,December,2023,Other,Seedling,5289.69,MD,12/1/2023,MD.ADULTUSE.20231201.OTHER.SEEDLING
Medical,January,2024,Flower,Shake/Trim (by strain),127573.76,MD,1/1/2024,MD.MEDICAL.20240101.FLOWER.SHAKETRIMBYSTRAIN
Medical,January,2024,Flower,Shake/Trim,293140.94,MD,1/1/2024,MD.MEDICAL.20240101.FLOWER.SHAKETRIM
Medical,January,2024,Flower,Raw Pre-Roll,767550.05,MD,1/1/2024,MD.MEDICAL.20240101.FLOWER.RAWPREROLL
Medical,January,2024,Flower,Flower,15891411.77,MD,1/1/2024,MD.MEDICAL.20240101.FLOWER.FLOWER
Adult-Use,January,2024,Flower,Shake/Trim (by strain),262029.98,MD,1/1/2024,MD.ADULTUSE.20240101.FLOWER.SHAKETRIMBYSTRAIN
Adult-Use,January,2024,Flower,Shake/Trim,492980.78,MD,1/1/2024,MD.ADULTUSE.20240101.FLOWER.SHAKETRIM
Adult-Use,January,2024,Flower,Raw Pre-Roll,2143020.94,MD,1/1/2024,MD.ADULTUSE.20240101.FLOWER.RAWPREROLL
Adult-Use,January,2024,Flower,Flower,33842684.54,MD,1/1/2024,MD.ADULTUSE.20240101.FLOWER.FLOWER
Medical,January,2024,Concentrate (includes vape),Kief,51091.98,MD,1/1/2024,MD.MEDICAL.20240101.CONCENTRATEINCLUDESVAPE.KIEF
Medical,January,2024,Concentrate (includes vape),Concentrate (Weight)(Medical Only),183501.65,MD,1/1/2024,MD.MEDICAL.20240101.CONCENTRATEINCLUDESVAPE.CONCENTRATEWEIGHTMEDICALONLY
Medical,January,2024,Concentrate (includes vape),Infused Joint,117276.26,MD,1/1/2024,MD.MEDICAL.20240101.CONCENTRATEINCLUDESVAPE.INFUSEDJOINT
Medical,January,2024,Concentrate (includes vape),Concentrate (Each)(Medical Only),2662889.86,MD,1/1/2024,MD.MEDICAL.20240101.CONCENTRATEINCLUDESVAPE.CONCENTRATEEACHMEDICALONLY
Medical,January,2024,Concentrate (includes vape),Vape Cart,6530842.94,MD,1/1/2024,MD.MEDICAL.20240101.CONCENTRATEINCLUDESVAPE.VAPECART
Adult-Use,January,2024,Concentrate (includes vape),Kief,302.65,MD,1/1/2024,MD.ADULTUSE.20240101.CONCENTRATEINCLUDESVAPE.KIEF
Adult-Use,January,2024,Concentrate (includes vape),Concentrate (Weight)(Medical Only),197,MD,1/1/2024,MD.ADULTUSE.20240101.CONCENTRATEINCLUDESVAPE.CONCENTRATEWEIGHTMEDICALONLY
Adult-Use,January,2024,Concentrate (includes vape),Infused Joint,726.55,MD,1/1/2024,MD.ADULTUSE.20240101.CONCENTRATEINCLUDESVAPE.INFUSEDJOINT
Adult-Use,January,2024,Concentrate (includes vape),Concentrate (Each)(Medical Only),12492.64,MD,1/1/2024,MD.ADULTUSE.20240101.CONCENTRATEINCLUDESVAPE.CONCENTRATEEACHMEDICALONLY
Adult-Use,January,2024,Concentrate (includes vape),Vape Cart,14372032.11,MD,1/1/2024,MD.ADULTUSE.20240101.CONCENTRATEINCLUDESVAPE.VAPECART
Medical,January,2024,Edible,Exempt Liquid Edible Product (Medical Only),250.8,MD,1/1/2024,MD.MEDICAL.20240101.EDIBLE.EXEMPTLIQUIDEDIBLEPRODUCTMEDICALONLY
Medical,January,2024,Edible,Infused Edible (Capsule Only),40491.26,MD,1/1/2024,MD.MEDICAL.20240101.EDIBLE.INFUSEDEDIBLECAPSULEONLY
Medical,January,2024,Edible,Disc,9025.64,MD,1/1/2024,MD.MEDICAL.20240101.EDIBLE.DISC
Medical,January,2024,Edible,Tincture for Oral Administration,71161.74,MD,1/1/2024,MD.MEDICAL.20240101.EDIBLE.TINCTUREFORORALADMINISTRATION
Medical,January,2024,Edible,Oils for Oral Administration,16653.76,MD,1/1/2024,MD.MEDICAL.20240101.EDIBLE.OILSFORORALADMINISTRATION
Medical,January,2024,Edible,Edible for Oral Administration (CAPSULE ONLY),62996.38,MD,1/1/2024,MD.MEDICAL.20240101.EDIBLE.EDIBLEFORORALADMINISTRATIONCAPSULEONLY
Medical,January,2024,Edible,Chewable Bar for Oral Administration,72220.11,MD,1/1/2024,MD.MEDICAL.20240101.EDIBLE.CHEWABLEBARFORORALADMINISTRATION
Medical,January,2024,Edible,Solution for Oral Administration,96188.75,MD,1/1/2024,MD.MEDICAL.20240101.EDIBLE.SOLUTIONFORORALADMINISTRATION
Medical,January,2024,Edible,Infused Non-Edibles,87638.21,MD,1/1/2024,MD.MEDICAL.20240101.EDIBLE.INFUSEDNONEDIBLES
Medical,January,2024,Edible,Lozenge,93702.16,MD,1/1/2024,MD.MEDICAL.20240101.EDIBLE.LOZENGE
Medical,January,2024,Edible,Exempt Edible Product (Medical Only),1705777.21,MD,1/1/2024,MD.MEDICAL.20240101.EDIBLE.EXEMPTEDIBLEPRODUCTMEDICALONLY
Medical,January,2024,Edible,Infused Edible,751702.51,MD,1/1/2024,MD.MEDICAL.20240101.EDIBLE.INFUSEDEDIBLE
Medical,January,2024,Edible,Capsule/Chewable Gel for Oral Administration,912204.23,MD,1/1/2024,MD.MEDICAL.20240101.EDIBLE.CAPSULECHEWABLEGELFORORALADMINISTRATION
Medical,January,2024,Edible,Edible for Oral Administration,714697.55,MD,1/1/2024,MD.MEDICAL.20240101.EDIBLE.EDIBLEFORORALADMINISTRATION
Adult-Use,January,2024,Edible,Exempt Liquid Edible Product (Medical Only),37,MD,1/1/2024,MD.ADULTUSE.20240101.EDIBLE.EXEMPTLIQUIDEDIBLEPRODUCTMEDICALONLY
Adult-Use,January,2024,Edible,Infused Edible (Capsule Only),37101.05,MD,1/1/2024,MD.ADULTUSE.20240101.EDIBLE.INFUSEDEDIBLECAPSULEONLY
Adult-Use,January,2024,Edible,Disc,184.96,MD,1/1/2024,MD.ADULTUSE.20240101.EDIBLE.DISC
Adult-Use,January,2024,Edible,Tincture for Oral Administration,6426.51,MD,1/1/2024,MD.ADULTUSE.20240101.EDIBLE.TINCTUREFORORALADMINISTRATION
Adult-Use,January,2024,Edible,Chewable Bar for Oral Administration,2037.84,MD,1/1/2024,MD.ADULTUSE.20240101.EDIBLE.CHEWABLEBARFORORALADMINISTRATION
Adult-Use,January,2024,Edible,Solution for Oral Administration,42805.53,MD,1/1/2024,MD.ADULTUSE.20240101.EDIBLE.SOLUTIONFORORALADMINISTRATION
Adult-Use,January,2024,Edible,Infused Non-Edibles,77311.36,MD,1/1/2024,MD.ADULTUSE.20240101.EDIBLE.INFUSEDNONEDIBLES
Adult-Use,January,2024,Edible,Lozenge,311.09,MD,1/1/2024,MD.ADULTUSE.20240101.EDIBLE.LOZENGE
Adult-Use,January,2024,Edible,Exempt Edible Product (Medical Only),1898.78,MD,1/1/2024,MD.ADULTUSE.20240101.EDIBLE.EXEMPTEDIBLEPRODUCTMEDICALONLY
Adult-Use,January,2024,Edible,Infused Edible,3314889.52,MD,1/1/2024,MD.ADULTUSE.20240101.EDIBLE.INFUSEDEDIBLE
Adult-Use,January,2024,Edible,Capsule/Chewable Gel for Oral Administration,45141.41,MD,1/1/2024,MD.ADULTUSE.20240101.EDIBLE.CAPSULECHEWABLEGELFORORALADMINISTRATION
Adult-Use,January,2024,Edible,Edible for Oral Administration,2771925.12,MD,1/1/2024,MD.ADULTUSE.20240101.EDIBLE.EDIBLEFORORALADMINISTRATION
Medical,January,2024,Other,Immature Plants,498.92,MD,1/1/2024,MD.MEDICAL.20240101.OTHER.IMMATUREPLANTS
Medical,January,2024,Other,Seeds,3545.95,MD,1/1/2024,MD.MEDICAL.20240101.OTHER.SEEDS
Medical,January,2024,Other,Seedling,4641.45,MD,1/1/2024,MD.MEDICAL.20240101.OTHER.SEEDLING
Adult-Use,January,2024,Other,Immature Plants,468.86,MD,1/1/2024,MD.ADULTUSE.20240101.OTHER.IMMATUREPLANTS
Adult-Use,January,2024,Other,Seeds,4529.77,MD,1/1/2024,MD.ADULTUSE.20240101.OTHER.SEEDS
Adult-Use,January,2024,Other,Seedling,4470.9,MD,1/1/2024,MD.ADULTUSE.20240101.OTHER.SEEDLING
Medical,February,2024,Flower,Shake/Trim (by strain),132810.9,MD,2/1/2024,MD.MEDICAL.20240201.FLOWER.SHAKETRIMBYSTRAIN
Medical,February,2024,Flower,Shake/Trim,247972.61,MD,2/1/2024,MD.MEDICAL.20240201.FLOWER.SHAKETRIM
Medical,February,2024,Flower,Raw Pre-Roll,552034.82,MD,2/1/2024,MD.MEDICAL.20240201.FLOWER.RAWPREROLL
Medical,February,2024,Flower,Flower,15457878.18,MD,2/1/2024,MD.MEDICAL.20240201.FLOWER.FLOWER
Adult-Use,February,2024,Flower,Shake/Trim (by strain),296993.64,MD,2/1/2024,MD.ADULTUSE.20240201.FLOWER.SHAKETRIMBYSTRAIN
Adult-Use,February,2024,Flower,Shake/Trim,439211.32,MD,2/1/2024,MD.ADULTUSE.20240201.FLOWER.SHAKETRIM
Adult-Use,February,2024,Flower,Raw Pre-Roll,1529388.12,MD,2/1/2024,MD.ADULTUSE.20240201.FLOWER.RAWPREROLL
Adult-Use,February,2024,Flower,Flower,34934026.98,MD,2/1/2024,MD.ADULTUSE.20240201.FLOWER.FLOWER
Medical,February,2024,Concentrate (includes vape),Kief,40977.55,MD,2/1/2024,MD.MEDICAL.20240201.CONCENTRATEINCLUDESVAPE.KIEF
Medical,February,2024,Concentrate (includes vape),Concentrate (Weight)(Medical Only),209717.99,MD,2/1/2024,MD.MEDICAL.20240201.CONCENTRATEINCLUDESVAPE.CONCENTRATEWEIGHTMEDICALONLY
Medical,February,2024,Concentrate (includes vape),Infused Joint,78269.82,MD,2/1/2024,MD.MEDICAL.20240201.CONCENTRATEINCLUDESVAPE.INFUSEDJOINT
Medical,February,2024,Concentrate (includes vape),Concentrate (Each)(Medical Only),2603076.67,MD,2/1/2024,MD.MEDICAL.20240201.CONCENTRATEINCLUDESVAPE.CONCENTRATEEACHMEDICALONLY
Medical,February,2024,Concentrate (includes vape),Vape Cart,6339532.03,MD,2/1/2024,MD.MEDICAL.20240201.CONCENTRATEINCLUDESVAPE.VAPECART
Adult-Use,February,2024,Concentrate (includes vape),Kief,43.76,MD,2/1/2024,MD.ADULTUSE.20240201.CONCENTRATEINCLUDESVAPE.KIEF
Adult-Use,February,2024,Concentrate (includes vape),Infused Joint,40,MD,2/1/2024,MD.ADULTUSE.20240201.CONCENTRATEINCLUDESVAPE.INFUSEDJOINT
Adult-Use,February,2024,Concentrate (includes vape),Concentrate (Each)(Medical Only),5754.16,MD,2/1/2024,MD.ADULTUSE.20240201.CONCENTRATEINCLUDESVAPE.CONCENTRATEEACHMEDICALONLY
Adult-Use,February,2024,Concentrate (includes vape),Vape Cart,14509849.7,MD,2/1/2024,MD.ADULTUSE.20240201.CONCENTRATEINCLUDESVAPE.VAPECART
Medical,February,2024,Edible,Exempt Liquid Edible Product (Medical Only),15748.69,MD,2/1/2024,MD.MEDICAL.20240201.EDIBLE.EXEMPTLIQUIDEDIBLEPRODUCTMEDICALONLY
Medical,February,2024,Edible,Infused Edible (Capsule Only),108082.89,MD,2/1/2024,MD.MEDICAL.20240201.EDIBLE.INFUSEDEDIBLECAPSULEONLY
Medical,February,2024,Edible,Disc,6589.13,MD,2/1/2024,MD.MEDICAL.20240201.EDIBLE.DISC
Medical,February,2024,Edible,Tincture for Oral Administration,71789.98,MD,2/1/2024,MD.MEDICAL.20240201.EDIBLE.TINCTUREFORORALADMINISTRATION
Medical,February,2024,Edible,Oils for Oral Administration,10223.61,MD,2/1/2024,MD.MEDICAL.20240201.EDIBLE.OILSFORORALADMINISTRATION
Medical,February,2024,Edible,Edible for Oral Administration (CAPSULE ONLY),50998.66,MD,2/1/2024,MD.MEDICAL.20240201.EDIBLE.EDIBLEFORORALADMINISTRATIONCAPSULEONLY
Medical,February,2024,Edible,Chewable Bar for Oral Administration,48401.43,MD,2/1/2024,MD.MEDICAL.20240201.EDIBLE.CHEWABLEBARFORORALADMINISTRATION
Medical,February,2024,Edible,Solution for Oral Administration,73427.1,MD,2/1/2024,MD.MEDICAL.20240201.EDIBLE.SOLUTIONFORORALADMINISTRATION
Medical,February,2024,Edible,Infused Non-Edibles,94649.19,MD,2/1/2024,MD.MEDICAL.20240201.EDIBLE.INFUSEDNONEDIBLES
Medical,February,2024,Edible,Lozenge,55201.93,MD,2/1/2024,MD.MEDICAL.20240201.EDIBLE.LOZENGE
Medical,February,2024,Edible,Exempt Edible Product (Medical Only),1806908.13,MD,2/1/2024,MD.MEDICAL.20240201.EDIBLE.EXEMPTEDIBLEPRODUCTMEDICALONLY
Medical,February,2024,Edible,Infused Edible,909865.89,MD,2/1/2024,MD.MEDICAL.20240201.EDIBLE.INFUSEDEDIBLE
Medical,February,2024,Edible,Capsule/Chewable Gel for Oral Administration,739440.93,MD,2/1/2024,MD.MEDICAL.20240201.EDIBLE.CAPSULECHEWABLEGELFORORALADMINISTRATION
Medical,February,2024,Edible,Edible for Oral Administration,505316.55,MD,2/1/2024,MD.MEDICAL.20240201.EDIBLE.EDIBLEFORORALADMINISTRATION
Adult-Use,February,2024,Edible,Exempt Liquid Edible Product (Medical Only),8782.44,MD,2/1/2024,MD.ADULTUSE.20240201.EDIBLE.EXEMPTLIQUIDEDIBLEPRODUCTMEDICALONLY
Adult-Use,February,2024,Edible,Infused Edible (Capsule Only),39890.96,MD,2/1/2024,MD.ADULTUSE.20240201.EDIBLE.INFUSEDEDIBLECAPSULEONLY
Adult-Use,February,2024,Edible,Tincture for Oral Administration,5004.03,MD,2/1/2024,MD.ADULTUSE.20240201.EDIBLE.TINCTUREFORORALADMINISTRATION
Adult-Use,February,2024,Edible,Chewable Bar for Oral Administration,1621.44,MD,2/1/2024,MD.ADULTUSE.20240201.EDIBLE.CHEWABLEBARFORORALADMINISTRATION
Adult-Use,February,2024,Edible,Solution for Oral Administration,16153.64,MD,2/1/2024,MD.ADULTUSE.20240201.EDIBLE.SOLUTIONFORORALADMINISTRATION
Adult-Use,February,2024,Edible,Infused Non-Edibles,91934.05,MD,2/1/2024,MD.ADULTUSE.20240201.EDIBLE.INFUSEDNONEDIBLES
Adult-Use,February,2024,Edible,Lozenge,34,MD,2/1/2024,MD.ADULTUSE.20240201.EDIBLE.LOZENGE
Adult-Use,February,2024,Edible,Exempt Edible Product (Medical Only),2050.54,MD,2/1/2024,MD.ADULTUSE.20240201.EDIBLE.EXEMPTEDIBLEPRODUCTMEDICALONLY
Adult-Use,February,2024,Edible,Infused Edible,4242962.8,MD,2/1/2024,MD.ADULTUSE.20240201.EDIBLE.INFUSEDEDIBLE
Adult-Use,February,2024,Edible,Capsule/Chewable Gel for Oral Administration,17539.69,MD,2/1/2024,MD.ADULTUSE.20240201.EDIBLE.CAPSULECHEWABLEGELFORORALADMINISTRATION
Adult-Use,February,2024,Edible,Edible for Oral Administration,2028376.28,MD,2/1/2024,MD.ADULTUSE.20240201.EDIBLE.EDIBLEFORORALADMINISTRATION
Medical,February,2024,Other,Seeds,3070.09,MD,2/1/2024,MD.MEDICAL.20240201.OTHER.SEEDS
Medical,February,2024,Other,Seedling,4393.18,MD,2/1/2024,MD.MEDICAL.20240201.OTHER.SEEDLING
Adult-Use,February,2024,Other,Seeds,7237.86,MD,2/1/2024,MD.ADULTUSE.20240201.OTHER.SEEDS
Adult-Use,February,2024,Other,Seedling,6546.9,MD,2/1/2024,MD.ADULTUSE.20240201.OTHER.SEEDLING
Medical,March,2024,Concentrate (includes vape),Concentrate (Each)(Medical Only),2781100.1999999993,MD,3/1/2024,MD.MEDICAL.20240301.CONCENTRATEINCLUDESVAPE.CONCENTRATEEACHMEDICALONLY
Medical,March,2024,Concentrate (includes vape),Concentrate (Weight)(Medical Only),229881.72999999986,MD,3/1/2024,MD.MEDICAL.20240301.CONCENTRATEINCLUDESVAPE.CONCENTRATEWEIGHTMEDICALONLY
Medical,March,2024,Concentrate (includes vape),Infused Joint,48325.79000000001,MD,3/1/2024,MD.MEDICAL.20240301.CONCENTRATEINCLUDESVAPE.INFUSEDJOINT
Medical,March,2024,Concentrate (includes vape),Kief,31739.300000000003,MD,3/1/2024,MD.MEDICAL.20240301.CONCENTRATEINCLUDESVAPE.KIEF
Medical,March,2024,Concentrate (includes vape),Vape Cart,6686885.910000004,MD,3/1/2024,MD.MEDICAL.20240301.CONCENTRATEINCLUDESVAPE.VAPECART
Medical,March,2024,Edible,Capsule/Chewable Gel for Oral Administration,572441.3400000001,MD,3/1/2024,MD.MEDICAL.20240301.EDIBLE.CAPSULECHEWABLEGELFORORALADMINISTRATION
Medical,March,2024,Edible,Chewable Bar for Oral Administration,35189.88,MD,3/1/2024,MD.MEDICAL.20240301.EDIBLE.CHEWABLEBARFORORALADMINISTRATION
Medical,March,2024,Edible,Disc,4005.31,MD,3/1/2024,MD.MEDICAL.20240301.EDIBLE.DISC
Medical,March,2024,Edible,Edible for Oral Administration,302166.4999999999,MD,3/1/2024,MD.MEDICAL.20240301.EDIBLE.EDIBLEFORORALADMINISTRATION
Medical,March,2024,Edible,Edible for Oral Administration (CAPSULE ONLY),20741.339999999997,MD,3/1/2024,MD.MEDICAL.20240301.EDIBLE.EDIBLEFORORALADMINISTRATIONCAPSULEONLY
Medical,March,2024,Edible,Exempt Edible Product (Medical Only),2163658.5099999993,MD,3/1/2024,MD.MEDICAL.20240301.EDIBLE.EXEMPTEDIBLEPRODUCTMEDICALONLY
Medical,March,2024,Edible,Exempt Liquid Edible Product (Medical Only),54064.500000000015,MD,3/1/2024,MD.MEDICAL.20240301.EDIBLE.EXEMPTLIQUIDEDIBLEPRODUCTMEDICALONLY
Medical,March,2024,Edible,Infused Edible,1176404.4000000001,MD,3/1/2024,MD.MEDICAL.20240301.EDIBLE.INFUSEDEDIBLE
Medical,March,2024,Edible,Infused Edible (Capsule Only),160736.12999999995,MD,3/1/2024,MD.MEDICAL.20240301.EDIBLE.INFUSEDEDIBLECAPSULEONLY
Medical,March,2024,Edible,Infused Non-Edibles,105991.24999999997,MD,3/1/2024,MD.MEDICAL.20240301.EDIBLE.INFUSEDNONEDIBLES
Medical,March,2024,Edible,Lozenge,40735.72000000001,MD,3/1/2024,MD.MEDICAL.20240301.EDIBLE.LOZENGE
Medical,March,2024,Edible,Oils for Oral Administration,9488.039999999999,MD,3/1/2024,MD.MEDICAL.20240301.EDIBLE.OILSFORORALADMINISTRATION
Medical,March,2024,Edible,Solution for Oral Administration,36883.93,MD,3/1/2024,MD.MEDICAL.20240301.EDIBLE.SOLUTIONFORORALADMINISTRATION
Medical,March,2024,Edible,Tincture for Oral Administration,66080.02999999998,MD,3/1/2024,MD.MEDICAL.20240301.EDIBLE.TINCTUREFORORALADMINISTRATION
Medical,March,2024,Flower,Flower,16127340.33,MD,3/1/2024,MD.MEDICAL.20240301.FLOWER.FLOWER
Medical,March,2024,Flower,Raw Pre-Roll,373899.67000000004,MD,3/1/2024,MD.MEDICAL.20240301.FLOWER.RAWPREROLL
Medical,March,2024,Flower,Shake/Trim,343955.7500000001,MD,3/1/2024,MD.MEDICAL.20240301.FLOWER.SHAKETRIM
Medical,March,2024,Flower,Shake/Trim (by strain),179051.31,MD,3/1/2024,MD.MEDICAL.20240301.FLOWER.SHAKETRIMBYSTRAIN
Medical,March,2024,Other,Seedling,3912.09,MD,3/1/2024,MD.MEDICAL.20240301.OTHER.SEEDLING
Medical,March,2024,Other,Seeds,4956.700000000001,MD,3/1/2024,MD.MEDICAL.20240301.OTHER.SEEDS
Adult-Use,March,2024,Concentrate (includes vape),Concentrate (Each)(Medical Only),6191.190000000001,MD,3/1/2024,MD.ADULTUSE.20240301.CONCENTRATEINCLUDESVAPE.CONCENTRATEEACHMEDICALONLY
Adult-Use,March,2024,Concentrate (includes vape),Concentrate (Weight)(Medical Only),454.01,MD,3/1/2024,MD.ADULTUSE.20240301.CONCENTRATEINCLUDESVAPE.CONCENTRATEWEIGHTMEDICALONLY
Adult-Use,March,2024,Concentrate (includes vape),Infused Joint,964.13,MD,3/1/2024,MD.ADULTUSE.20240301.CONCENTRATEINCLUDESVAPE.INFUSEDJOINT
Adult-Use,March,2024,Concentrate (includes vape),Kief,49.05,MD,3/1/2024,MD.ADULTUSE.20240301.CONCENTRATEINCLUDESVAPE.KIEF
Adult-Use,March,2024,Concentrate (includes vape),Vape Cart,16139460.79,MD,3/1/2024,MD.ADULTUSE.20240301.CONCENTRATEINCLUDESVAPE.VAPECART
Adult-Use,March,2024,Edible,Capsule/Chewable Gel for Oral Administration,9091.25,MD,3/1/2024,MD.ADULTUSE.20240301.EDIBLE.CAPSULECHEWABLEGELFORORALADMINISTRATION
Adult-Use,March,2024,Edible,Chewable Bar for Oral Administration,800.5899999999999,MD,3/1/2024,MD.ADULTUSE.20240301.EDIBLE.CHEWABLEBARFORORALADMINISTRATION
Adult-Use,March,2024,Edible,Edible for Oral Administration,1195251.0899999996,MD,3/1/2024,MD.ADULTUSE.20240301.EDIBLE.EDIBLEFORORALADMINISTRATION
Adult-Use,March,2024,Edible,Exempt Edible Product (Medical Only),2170.0099999999998,MD,3/1/2024,MD.ADULTUSE.20240301.EDIBLE.EXEMPTEDIBLEPRODUCTMEDICALONLY
Adult-Use,March,2024,Edible,Exempt Liquid Edible Product (Medical Only),22560.19,MD,3/1/2024,MD.ADULTUSE.20240301.EDIBLE.EXEMPTLIQUIDEDIBLEPRODUCTMEDICALONLY
Adult-Use,March,2024,Edible,Infused Edible,5742178.459999998,MD,3/1/2024,MD.ADULTUSE.20240301.EDIBLE.INFUSEDEDIBLE
Adult-Use,March,2024,Edible,Infused Edible (Capsule Only),48131.03000000002,MD,3/1/2024,MD.ADULTUSE.20240301.EDIBLE.INFUSEDEDIBLECAPSULEONLY
Adult-Use,March,2024,Edible,Infused Non-Edibles,107797.12,MD,3/1/2024,MD.ADULTUSE.20240301.EDIBLE.INFUSEDNONEDIBLES
Adult-Use,March,2024,Edible,Lozenge,74,MD,3/1/2024,MD.ADULTUSE.20240301.EDIBLE.LOZENGE
Adult-Use,March,2024,Edible,Solution for Oral Administration,3701.4300000000003,MD,3/1/2024,MD.ADULTUSE.20240301.EDIBLE.SOLUTIONFORORALADMINISTRATION
Adult-Use,March,2024,Edible,Tincture for Oral Administration,5033.91,MD,3/1/2024,MD.ADULTUSE.20240301.EDIBLE.TINCTUREFORORALADMINISTRATION
Adult-Use,March,2024,Flower,Flower,38853481.76,MD,3/1/2024,MD.ADULTUSE.20240301.FLOWER.FLOWER
Adult-Use,March,2024,Flower,Raw Pre-Roll,1131347.17,MD,3/1/2024,MD.ADULTUSE.20240301.FLOWER.RAWPREROLL
Adult-Use,March,2024,Flower,Shake/Trim,672852.25,MD,3/1/2024,MD.ADULTUSE.20240301.FLOWER.SHAKETRIM
Adult-Use,March,2024,Flower,Shake/Trim (by strain),438475.0299999999,MD,3/1/2024,MD.ADULTUSE.20240301.FLOWER.SHAKETRIMBYSTRAIN
Adult-Use,March,2024,Other,Seedling,5604.639999999999,MD,3/1/2024,MD.ADULTUSE.20240301.OTHER.SEEDLING
Adult-Use,March,2024,Other,Seeds,11104.9,MD,3/1/2024,MD.ADULTUSE.20240301.OTHER.SEEDS
Medical,April,2024,Flower,Shake/Trim (by strain),165142.21,MD,4/1/2024,MD.MEDICAL.20240401.FLOWER.SHAKETRIMBYSTRAIN
Medical,April,2024,Flower,Shake/Trim,281009.95,MD,4/1/2024,MD.MEDICAL.20240401.FLOWER.SHAKETRIM
Medical,April,2024,Flower,Raw Pre-Roll,309518.71,MD,4/1/2024,MD.MEDICAL.20240401.FLOWER.RAWPREROLL
Medical,April,2024,Flower,Flower,15158030.4,MD,4/1/2024,MD.MEDICAL.20240401.FLOWER.FLOWER
Adult-Use,April,2024,Flower,Shake/Trim (by strain),444131.01,MD,4/1/2024,MD.ADULTUSE.20240401.FLOWER.SHAKETRIMBYSTRAIN
Adult-Use,April,2024,Flower,Shake/Trim,658667.6,MD,4/1/2024,MD.ADULTUSE.20240401.FLOWER.SHAKETRIM
Adult-Use,April,2024,Flower,Raw Pre-Roll,941509.66,MD,4/1/2024,MD.ADULTUSE.20240401.FLOWER.RAWPREROLL
Adult-Use,April,2024,Flower,Flower,37921603.88,MD,4/1/2024,MD.ADULTUSE.20240401.FLOWER.FLOWER
Medical,April,2024,Concentrate (includes vape),Concentrate (Weight),223493.96,MD,4/1/2024,MD.MEDICAL.20240401.CONCENTRATEINCLUDESVAPE.CONCENTRATEWEIGHT
Medical,April,2024,Concentrate (includes vape),Kief,19731.01,MD,4/1/2024,MD.MEDICAL.20240401.CONCENTRATEINCLUDESVAPE.KIEF
Medical,April,2024,Concentrate (includes vape),Infused Joint,33393.6,MD,4/1/2024,MD.MEDICAL.20240401.CONCENTRATEINCLUDESVAPE.INFUSEDJOINT
Medical,April,2024,Concentrate (includes vape),Concentrate (Each),2645135.65,MD,4/1/2024,MD.MEDICAL.20240401.CONCENTRATEINCLUDESVAPE.CONCENTRATEEACH
Medical,April,2024,Concentrate (includes vape),Vape Cart,6270836.82,MD,4/1/2024,MD.MEDICAL.20240401.CONCENTRATEINCLUDESVAPE.VAPECART
Adult-Use,April,2024,Concentrate (includes vape),Concentrate (Weight),135,MD,4/1/2024,MD.ADULTUSE.20240401.CONCENTRATEINCLUDESVAPE.CONCENTRATEWEIGHT
Adult-Use,April,2024,Concentrate (includes vape),Kief,16,MD,4/1/2024,MD.ADULTUSE.20240401.CONCENTRATEINCLUDESVAPE.KIEF
Adult-Use,April,2024,Concentrate (includes vape),Infused Joint,44,MD,4/1/2024,MD.ADULTUSE.20240401.CONCENTRATEINCLUDESVAPE.INFUSEDJOINT
Adult-Use,April,2024,Concentrate (includes vape),Concentrate (Each),26279.06,MD,4/1/2024,MD.ADULTUSE.20240401.CONCENTRATEINCLUDESVAPE.CONCENTRATEEACH
Adult-Use,April,2024,Concentrate (includes vape),Vape Cart,15569318.29,MD,4/1/2024,MD.ADULTUSE.20240401.CONCENTRATEINCLUDESVAPE.VAPECART
Medical,April,2024,Edible,Disc,3185.5,MD,4/1/2024,MD.MEDICAL.20240401.EDIBLE.DISC
Medical,April,2024,Edible,Oils for Oral Administration,2369.76,MD,4/1/2024,MD.MEDICAL.20240401.EDIBLE.OILSFORORALADMINISTRATION
Medical,April,2024,Edible,Exempt Liquid Edible Product (Medical Only),69602.2,MD,4/1/2024,MD.MEDICAL.20240401.EDIBLE.EXEMPTLIQUIDEDIBLEPRODUCTMEDICALONLY
Medical,April,2024,Edible,Edible for Oral Administration (CAPSULE ONLY),16261.35,MD,4/1/2024,MD.MEDICAL.20240401.EDIBLE.EDIBLEFORORALADMINISTRATIONCAPSULEONLY
Medical,April,2024,Edible,Chewable Bar for Oral Administration,25785.09,MD,4/1/2024,MD.MEDICAL.20240401.EDIBLE.CHEWABLEBARFORORALADMINISTRATION
Medical,April,2024,Edible,Tincture for Oral Administration,46642.19,MD,4/1/2024,MD.MEDICAL.20240401.EDIBLE.TINCTUREFORORALADMINISTRATION
Medical,April,2024,Edible,Solution for Oral Administration,20627.29,MD,4/1/2024,MD.MEDICAL.20240401.EDIBLE.SOLUTIONFORORALADMINISTRATION
Medical,April,2024,Edible,Infused Edible (Capsule Only),181061.64,MD,4/1/2024,MD.MEDICAL.20240401.EDIBLE.INFUSEDEDIBLECAPSULEONLY
Medical,April,2024,Edible,Lozenge,21301.03,MD,4/1/2024,MD.MEDICAL.20240401.EDIBLE.LOZENGE
Medical,April,2024,Edible,Infused Non-Edibles,100268.29,MD,4/1/2024,MD.MEDICAL.20240401.EDIBLE.INFUSEDNONEDIBLES
Medical,April,2024,Edible,Capsule/Chewable Gel for Oral Administration,378431.18,MD,4/1/2024,MD.MEDICAL.20240401.EDIBLE.CAPSULECHEWABLEGELFORORALADMINISTRATION
Medical,April,2024,Edible,Exempt Edible Product (Medical Only),2231018.63,MD,4/1/2024,MD.MEDICAL.20240401.EDIBLE.EXEMPTEDIBLEPRODUCTMEDICALONLY
Medical,April,2024,Edible,Edible for Oral Administration,147349.16,MD,4/1/2024,MD.MEDICAL.20240401.EDIBLE.EDIBLEFORORALADMINISTRATION
Medical,April,2024,Edible,Infused Edible,1300906.99,MD,4/1/2024,MD.MEDICAL.20240401.EDIBLE.INFUSEDEDIBLE
Adult-Use,April,2024,Edible,Exempt Liquid Edible Product (Medical Only),26009.71,MD,4/1/2024,MD.ADULTUSE.20240401.EDIBLE.EXEMPTLIQUIDEDIBLEPRODUCTMEDICALONLY
Adult-Use,April,2024,Edible,Edible for Oral Administration (CAPSULE ONLY),97.77,MD,4/1/2024,MD.ADULTUSE.20240401.EDIBLE.EDIBLEFORORALADMINISTRATIONCAPSULEONLY
Adult-Use,April,2024,Edible,Chewable Bar for Oral Administration,998.9,MD,4/1/2024,MD.ADULTUSE.20240401.EDIBLE.CHEWABLEBARFORORALADMINISTRATION
Adult-Use,April,2024,Edible,Tincture for Oral Administration,4534.05,MD,4/1/2024,MD.ADULTUSE.20240401.EDIBLE.TINCTUREFORORALADMINISTRATION
Adult-Use,April,2024,Edible,Solution for Oral Administration,855.26,MD,4/1/2024,MD.ADULTUSE.20240401.EDIBLE.SOLUTIONFORORALADMINISTRATION
Adult-Use,April,2024,Edible,Infused Edible (Capsule Only),50043.45,MD,4/1/2024,MD.ADULTUSE.20240401.EDIBLE.INFUSEDEDIBLECAPSULEONLY
Adult-Use,April,2024,Edible,Infused Non-Edibles,111395.71,MD,4/1/2024,MD.ADULTUSE.20240401.EDIBLE.INFUSEDNONEDIBLES
Adult-Use,April,2024,Edible,Capsule/Chewable Gel for Oral Administration,7717.46,MD,4/1/2024,MD.ADULTUSE.20240401.EDIBLE.CAPSULECHEWABLEGELFORORALADMINISTRATION
Adult-Use,April,2024,Edible,Exempt Edible Product (Medical Only),2758.56,MD,4/1/2024,MD.ADULTUSE.20240401.EDIBLE.EXEMPTEDIBLEPRODUCTMEDICALONLY
Adult-Use,April,2024,Edible,Edible for Oral Administration,533026.48,MD,4/1/2024,MD.ADULTUSE.20240401.EDIBLE.EDIBLEFORORALADMINISTRATION
Adult-Use,April,2024,Edible,Infused Edible,6243303.04,MD,4/1/2024,MD.ADULTUSE.20240401.EDIBLE.INFUSEDEDIBLE
Medical,April,2024,Other,Infused Liquid Edible,24691.17,MD,4/1/2024,MD.MEDICAL.20240401.OTHER.INFUSEDLIQUIDEDIBLE
Medical,April,2024,Other,Seeds,5751.35,MD,4/1/2024,MD.MEDICAL.20240401.OTHER.SEEDS
Medical,April,2024,Other,Seedling,10311.71,MD,4/1/2024,MD.MEDICAL.20240401.OTHER.SEEDLING
Adult-Use,April,2024,Other,Infused Liquid Edible,32185.49,MD,4/1/2024,MD.ADULTUSE.20240401.OTHER.INFUSEDLIQUIDEDIBLE
Adult-Use,April,2024,Other,Seeds,12232.96,MD,4/1/2024,MD.ADULTUSE.20240401.OTHER.SEEDS
Adult-Use,April,2024,Other,Seedling,12922.33,MD,4/1/2024,MD.ADULTUSE.20240401.OTHER.SEEDLING
Medical,November,2023,Other,R&D,1742.25,MD,11/1/2023,MD.MEDICAL.20231101.OTHER.RD
Medical,December,2023,Other,R&D,8661.13,MD,12/1/2023,MD.MEDICAL.20231201.OTHER.RD
Adult-Use,December,2023,Other,R&D,27.52,MD,12/1/2023,MD.ADULTUSE.20231201.OTHER.RD
Medical,January,2024,Other,R&D,1453.63,MD,1/1/2024,MD.MEDICAL.20240101.OTHER.RD
Adult-Use,January,2024,Other,R&D,223,MD,1/1/2024,MD.ADULTUSE.20240101.OTHER.RD
Medical,February,2024,Other,R&D,154.42,MD,2/1/2024,MD.MEDICAL.20240201.OTHER.RD
Adult-Use,February,2024,Other,R&D,215,MD,2/1/2024,MD.ADULTUSE.20240201.OTHER.RD
Medical,April,2024,Other,R&D,0.06,MD,4/1/2024,MD.MEDICAL.20240401.OTHER.RD
Medical,May,2024,Flower,Shake/Trim (by strain),188060.39,MD,2024-05-01,MD.MEDICAL.20240501.FLOWER.SHAKETRIMBYSTRAIN
Medical,May,2024,Flower,Shake/Trim,221844.91,MD,2024-05-01,MD.MEDICAL.20240501.FLOWER.SHAKETRIM
Medical,May,2024,Flower,Raw Pre-Roll,326220.59,MD,2024-05-01,MD.MEDICAL.20240501.FLOWER.RAWPREROLL
Medical,May,2024,Flower,Flower,15241237.25,MD,2024-05-01,MD.MEDICAL.20240501.FLOWER.FLOWER
Adult-Use,May,2024,Flower,Shake/Trim (by strain),563788.75,MD,2024-05-01,MD.ADULTUSE.20240501.FLOWER.SHAKETRIMBYSTRAIN
Adult-Use,May,2024,Flower,Shake/Trim,592147.91,MD,2024-05-01,MD.ADULTUSE.20240501.FLOWER.SHAKETRIM
Adult-Use,May,2024,Flower,Raw Pre-Roll,1101228.65,MD,2024-05-01,MD.ADULTUSE.20240501.FLOWER.RAWPREROLL
Adult-Use,May,2024,Flower,Flower,40255279.91,MD,2024-05-01,MD.ADULTUSE.20240501.FLOWER.FLOWER
Medical,May,2024,Concentrate (includes vape),Kief,7321.84,MD,2024-05-01,MD.MEDICAL.20240501.CONCENTRATEINCLUDESVAPE.KIEF
Medical,May,2024,Concentrate (includes vape),Concentrate (Weight),224292.34,MD,2024-05-01,MD.MEDICAL.20240501.CONCENTRATEINCLUDESVAPE.CONCENTRATEWEIGHT
Medical,May,2024,Concentrate (includes vape),Infused Joint,18197.13,MD,2024-05-01,MD.MEDICAL.20240501.CONCENTRATEINCLUDESVAPE.INFUSEDJOINT
Medical,May,2024,Concentrate (includes vape),Concentrate (Each),2654676.01,MD,2024-05-01,MD.MEDICAL.20240501.CONCENTRATEINCLUDESVAPE.CONCENTRATEEACH
Medical,May,2024,Concentrate (includes vape),Vape Cart,6414533.11,MD,2024-05-01,MD.MEDICAL.20240501.CONCENTRATEINCLUDESVAPE.VAPECART
Adult-Use,May,2024,Concentrate (includes vape),Concentrate (Weight),123.42,MD,2024-05-01,MD.ADULTUSE.20240501.CONCENTRATEINCLUDESVAPE.CONCENTRATEWEIGHT
Adult-Use,May,2024,Concentrate (includes vape),Infused Joint,27.25,MD,2024-05-01,MD.ADULTUSE.20240501.CONCENTRATEINCLUDESVAPE.INFUSEDJOINT
Adult-Use,May,2024,Concentrate (includes vape),Concentrate (Each),11868.94,MD,2024-05-01,MD.ADULTUSE.20240501.CONCENTRATEINCLUDESVAPE.CONCENTRATEEACH
Adult-Use,May,2024,Concentrate (includes vape),Vape Cart,16972755.55,MD,2024-05-01,MD.ADULTUSE.20240501.CONCENTRATEINCLUDESVAPE.VAPECART
Medical,May,2024,Edible,Disc,2002.8,MD,2024-05-01,MD.MEDICAL.20240501.EDIBLE.DISC
Medical,May,2024,Edible,Oils for Oral Administration,278.5,MD,2024-05-01,MD.MEDICAL.20240501.EDIBLE.OILSFORORALADMINISTRATION
Medical,May,2024,Edible,Infused Liquid Edible,59442.79,MD,2024-05-01,MD.MEDICAL.20240501.EDIBLE.INFUSEDLIQUIDEDIBLE
Medical,May,2024,Edible,Exempt Liquid Edible Product (Medical Only),60305.83,MD,2024-05-01,MD.MEDICAL.20240501.EDIBLE.EXEMPTLIQUIDEDIBLEPRODUCTMEDICALONLY
Medical,May,2024,Edible,Edible for Oral Administration (CAPSULE ONLY),5067.4,MD,2024-05-01,MD.MEDICAL.20240501.EDIBLE.EDIBLEFORORALADMINISTRATIONCAPSULEONLY
Medical,May,2024,Edible,Chewable Bar for Oral Administration,18477.93,MD,2024-05-01,MD.MEDICAL.20240501.EDIBLE.CHEWABLEBARFORORALADMINISTRATION
Medical,May,2024,Edible,Tincture for Oral Administration,40412.35,MD,2024-05-01,MD.MEDICAL.20240501.EDIBLE.TINCTUREFORORALADMINISTRATION
Medical,May,2024,Edible,Lozenge,16026.65,MD,2024-05-01,MD.MEDICAL.20240501.EDIBLE.LOZENGE
Medical,May,2024,Edible,Solution for Oral Administration,29703.24,MD,2024-05-01,MD.MEDICAL.20240501.EDIBLE.SOLUTIONFORORALADMINISTRATION
Medical,May,2024,Edible,Infused Edible (Capsule Only),175885.67,MD,2024-05-01,MD.MEDICAL.20240501.EDIBLE.INFUSEDEDIBLECAPSULEONLY
Medical,May,2024,Edible,Infused Non-Edibles,95437.18,MD,2024-05-01,MD.MEDICAL.20240501.EDIBLE.INFUSEDNONEDIBLES
Medical,May,2024,Edible,Capsule/Chewable Gel for Oral Administration,217691.25,MD,2024-05-01,MD.MEDICAL.20240501.EDIBLE.CAPSULECHEWABLEGELFORORALADMINISTRATION
Medical,May,2024,Edible,Exempt Edible Product (Medical Only),2411588.2,MD,2024-05-01,MD.MEDICAL.20240501.EDIBLE.EXEMPTEDIBLEPRODUCTMEDICALONLY
Medical,May,2024,Edible,Edible for Oral Administration,51703.77,MD,2024-05-01,MD.MEDICAL.20240501.EDIBLE.EDIBLEFORORALADMINISTRATION
Medical,May,2024,Edible,Infused Edible,1327178.2,MD,2024-05-01,MD.MEDICAL.20240501.EDIBLE.INFUSEDEDIBLE
Adult-Use,May,2024,Edible,Infused Liquid Edible,112755.71,MD,2024-05-01,MD.ADULTUSE.20240501.EDIBLE.INFUSEDLIQUIDEDIBLE
Adult-Use,May,2024,Edible,Exempt Liquid Edible Product (Medical Only),22745.05,MD,2024-05-01,MD.ADULTUSE.20240501.EDIBLE.EXEMPTLIQUIDEDIBLEPRODUCTMEDICALONLY
Adult-Use,May,2024,Edible,Chewable Bar for Oral Administration,749.27,MD,2024-05-01,MD.ADULTUSE.20240501.EDIBLE.CHEWABLEBARFORORALADMINISTRATION
Adult-Use,May,2024,Edible,Tincture for Oral Administration,8059.1,MD,2024-05-01,MD.ADULTUSE.20240501.EDIBLE.TINCTUREFORORALADMINISTRATION
Adult-Use,May,2024,Edible,Solution for Oral Administration,619.26,MD,2024-05-01,MD.ADULTUSE.20240501.EDIBLE.SOLUTIONFORORALADMINISTRATION
Adult-Use,May,2024,Edible,Infused Edible (Capsule Only),60160.95,MD,2024-05-01,MD.ADULTUSE.20240501.EDIBLE.INFUSEDEDIBLECAPSULEONLY
Adult-Use,May,2024,Edible,Infused Non-Edibles,118225.23,MD,2024-05-01,MD.ADULTUSE.20240501.EDIBLE.INFUSEDNONEDIBLES
Adult-Use,May,2024,Edible,Capsule/Chewable Gel for Oral Administration,16847.31,MD,2024-05-01,MD.ADULTUSE.20240501.EDIBLE.CAPSULECHEWABLEGELFORORALADMINISTRATION
Adult-Use,May,2024,Edible,Exempt Edible Product (Medical Only),2895.29,MD,2024-05-01,MD.ADULTUSE.20240501.EDIBLE.EXEMPTEDIBLEPRODUCTMEDICALONLY
Adult-Use,May,2024,Edible,Edible for Oral Administration,185915.69,MD,2024-05-01,MD.ADULTUSE.20240501.EDIBLE.EDIBLEFORORALADMINISTRATION
Adult-Use,May,2024,Edible,Infused Edible,6980551.6,MD,2024-05-01,MD.ADULTUSE.20240501.EDIBLE.INFUSEDEDIBLE
Medical,May,2024,Other,R&D,252.24,MD,2024-05-01,MD.MEDICAL.20240501.OTHER.RD
Medical,May,2024,Other,Seeds,3845.48,MD,2024-05-01,MD.MEDICAL.20240501.OTHER.SEEDS
Medical,May,2024,Other,Seedling,12860.32,MD,2024-05-01,MD.MEDICAL.20240501.OTHER.SEEDLING
Adult-Use,May,2024,Other,R&D,873.08,MD,2024-05-01,MD.ADULTUSE.20240501.OTHER.RD
Adult-Use,May,2024,Other,Seeds,9697.02,MD,2024-05-01,MD.ADULTUSE.20240501.OTHER.SEEDS
Adult-Use,May,2024,Other,Seedling,20038.62,MD,2024-05-01,MD.ADULTUSE.20240501.OTHER.SEEDLING
